filepath,label
data/raw/AID/Forest/forest_119.jpg,Forest
data/raw/AID/Forest/forest_125.jpg,Forest
data/raw/AID/Forest/forest_131.jpg,Forest
data/raw/AID/Forest/forest_247.jpg,Forest
data/raw/AID/Forest/forest_15.jpg,Forest
data/raw/AID/Forest/forest_29.jpg,Forest
data/raw/AID/Forest/forest_28.jpg,Forest
data/raw/AID/Forest/forest_14.jpg,Forest
data/raw/AID/Forest/forest_246.jpg,Forest
data/raw/AID/Forest/forest_130.jpg,Forest
data/raw/AID/Forest/forest_124.jpg,Forest
data/raw/AID/Forest/forest_118.jpg,Forest
data/raw/AID/Forest/forest_132.jpg,Forest
data/raw/AID/Forest/forest_126.jpg,Forest
data/raw/AID/Forest/forest_244.jpg,Forest
data/raw/AID/Forest/forest_250.jpg,Forest
data/raw/AID/Forest/forest_16.jpg,Forest
data/raw/AID/Forest/forest_17.jpg,Forest
data/raw/AID/Forest/forest_245.jpg,Forest
data/raw/AID/Forest/forest_127.jpg,Forest
data/raw/AID/Forest/forest_133.jpg,Forest
data/raw/AID/Forest/forest_137.jpg,Forest
data/raw/AID/Forest/forest_123.jpg,Forest
data/raw/AID/Forest/forest_241.jpg,Forest
data/raw/AID/Forest/forest_13.jpg,Forest
data/raw/AID/Forest/forest_12.jpg,Forest
data/raw/AID/Forest/forest_240.jpg,Forest
data/raw/AID/Forest/forest_122.jpg,Forest
data/raw/AID/Forest/forest_136.jpg,Forest
data/raw/AID/Forest/forest_120.jpg,Forest
data/raw/AID/Forest/forest_134.jpg,Forest
data/raw/AID/Forest/forest_108.jpg,Forest
data/raw/AID/Forest/forest_242.jpg,Forest
data/raw/AID/Forest/forest_38.jpg,Forest
data/raw/AID/Forest/forest_10.jpg,Forest
data/raw/AID/Forest/forest_11.jpg,Forest
data/raw/AID/Forest/forest_39.jpg,Forest
data/raw/AID/Forest/forest_243.jpg,Forest
data/raw/AID/Forest/forest_109.jpg,Forest
data/raw/AID/Forest/forest_135.jpg,Forest
data/raw/AID/Forest/forest_121.jpg,Forest
data/raw/AID/Forest/forest_185.jpg,Forest
data/raw/AID/Forest/forest_191.jpg,Forest
data/raw/AID/Forest/forest_146.jpg,Forest
data/raw/AID/Forest/forest_152.jpg,Forest
data/raw/AID/Forest/forest_218.jpg,Forest
data/raw/AID/Forest/forest_230.jpg,Forest
data/raw/AID/Forest/forest_224.jpg,Forest
data/raw/AID/Forest/forest_9.jpg,Forest
data/raw/AID/Forest/forest_89.jpg,Forest
data/raw/AID/Forest/forest_76.jpg,Forest
data/raw/AID/Forest/forest_62.jpg,Forest
data/raw/AID/Forest/forest_63.jpg,Forest
data/raw/AID/Forest/forest_77.jpg,Forest
data/raw/AID/Forest/forest_88.jpg,Forest
data/raw/AID/Forest/forest_8.jpg,Forest
data/raw/AID/Forest/forest_225.jpg,Forest
data/raw/AID/Forest/forest_231.jpg,Forest
data/raw/AID/Forest/forest_219.jpg,Forest
data/raw/AID/Forest/forest_153.jpg,Forest
data/raw/AID/Forest/forest_147.jpg,Forest
data/raw/AID/Forest/forest_190.jpg,Forest
data/raw/AID/Forest/forest_184.jpg,Forest
data/raw/AID/Forest/forest_192.jpg,Forest
data/raw/AID/Forest/forest_186.jpg,Forest
data/raw/AID/Forest/forest_179.jpg,Forest
data/raw/AID/Forest/forest_151.jpg,Forest
data/raw/AID/Forest/forest_145.jpg,Forest
data/raw/AID/Forest/forest_227.jpg,Forest
data/raw/AID/Forest/forest_233.jpg,Forest
data/raw/AID/Forest/forest_61.jpg,Forest
data/raw/AID/Forest/forest_75.jpg,Forest
data/raw/AID/Forest/forest_49.jpg,Forest
data/raw/AID/Forest/forest_48.jpg,Forest
data/raw/AID/Forest/forest_74.jpg,Forest
data/raw/AID/Forest/forest_60.jpg,Forest
data/raw/AID/Forest/forest_232.jpg,Forest
data/raw/AID/Forest/forest_226.jpg,Forest
data/raw/AID/Forest/forest_144.jpg,Forest
data/raw/AID/Forest/forest_150.jpg,Forest
data/raw/AID/Forest/forest_178.jpg,Forest
data/raw/AID/Forest/forest_187.jpg,Forest
data/raw/AID/Forest/forest_193.jpg,Forest
data/raw/AID/Forest/forest_197.jpg,Forest
data/raw/AID/Forest/forest_183.jpg,Forest
data/raw/AID/Forest/forest_154.jpg,Forest
data/raw/AID/Forest/forest_140.jpg,Forest
data/raw/AID/Forest/forest_168.jpg,Forest
data/raw/AID/Forest/forest_222.jpg,Forest
data/raw/AID/Forest/forest_236.jpg,Forest
data/raw/AID/Forest/forest_58.jpg,Forest
data/raw/AID/Forest/forest_64.jpg,Forest
data/raw/AID/Forest/forest_70.jpg,Forest
data/raw/AID/Forest/forest_71.jpg,Forest
data/raw/AID/Forest/forest_65.jpg,Forest
data/raw/AID/Forest/forest_59.jpg,Forest
data/raw/AID/Forest/forest_237.jpg,Forest
data/raw/AID/Forest/forest_223.jpg,Forest
data/raw/AID/Forest/forest_169.jpg,Forest
data/raw/AID/Forest/forest_141.jpg,Forest
data/raw/AID/Forest/forest_155.jpg,Forest
data/raw/AID/Forest/forest_182.jpg,Forest
data/raw/AID/Forest/forest_196.jpg,Forest
data/raw/AID/Forest/forest_180.jpg,Forest
data/raw/AID/Forest/forest_194.jpg,Forest
data/raw/AID/Forest/forest_143.jpg,Forest
data/raw/AID/Forest/forest_157.jpg,Forest
data/raw/AID/Forest/forest_235.jpg,Forest
data/raw/AID/Forest/forest_221.jpg,Forest
data/raw/AID/Forest/forest_209.jpg,Forest
data/raw/AID/Forest/forest_98.jpg,Forest
data/raw/AID/Forest/forest_73.jpg,Forest
data/raw/AID/Forest/forest_67.jpg,Forest
data/raw/AID/Forest/forest_66.jpg,Forest
data/raw/AID/Forest/forest_72.jpg,Forest
data/raw/AID/Forest/forest_99.jpg,Forest
data/raw/AID/Forest/forest_208.jpg,Forest
data/raw/AID/Forest/forest_220.jpg,Forest
data/raw/AID/Forest/forest_234.jpg,Forest
data/raw/AID/Forest/forest_156.jpg,Forest
data/raw/AID/Forest/forest_142.jpg,Forest
data/raw/AID/Forest/forest_195.jpg,Forest
data/raw/AID/Forest/forest_181.jpg,Forest
data/raw/AID/Forest/forest_198.jpg,Forest
data/raw/AID/Forest/forest_167.jpg,Forest
data/raw/AID/Forest/forest_173.jpg,Forest
data/raw/AID/Forest/forest_239.jpg,Forest
data/raw/AID/Forest/forest_211.jpg,Forest
data/raw/AID/Forest/forest_205.jpg,Forest
data/raw/AID/Forest/forest_94.jpg,Forest
data/raw/AID/Forest/forest_80.jpg,Forest
data/raw/AID/Forest/forest_57.jpg,Forest
data/raw/AID/Forest/forest_43.jpg,Forest
data/raw/AID/Forest/forest_42.jpg,Forest
data/raw/AID/Forest/forest_56.jpg,Forest
data/raw/AID/Forest/forest_1.jpg,Forest
data/raw/AID/Forest/forest_81.jpg,Forest
data/raw/AID/Forest/forest_95.jpg,Forest
data/raw/AID/Forest/forest_204.jpg,Forest
data/raw/AID/Forest/forest_210.jpg,Forest
data/raw/AID/Forest/forest_238.jpg,Forest
data/raw/AID/Forest/forest_172.jpg,Forest
data/raw/AID/Forest/forest_166.jpg,Forest
data/raw/AID/Forest/forest_199.jpg,Forest
data/raw/AID/Forest/forest_158.jpg,Forest
data/raw/AID/Forest/forest_170.jpg,Forest
data/raw/AID/Forest/forest_164.jpg,Forest
data/raw/AID/Forest/forest_206.jpg,Forest
data/raw/AID/Forest/forest_212.jpg,Forest
data/raw/AID/Forest/forest_83.jpg,Forest
data/raw/AID/Forest/forest_97.jpg,Forest
data/raw/AID/Forest/forest_3.jpg,Forest
data/raw/AID/Forest/forest_40.jpg,Forest
data/raw/AID/Forest/forest_54.jpg,Forest
data/raw/AID/Forest/forest_68.jpg,Forest
data/raw/AID/Forest/forest_69.jpg,Forest
data/raw/AID/Forest/forest_55.jpg,Forest
data/raw/AID/Forest/forest_41.jpg,Forest
data/raw/AID/Forest/forest_2.jpg,Forest
data/raw/AID/Forest/forest_96.jpg,Forest
data/raw/AID/Forest/forest_82.jpg,Forest
data/raw/AID/Forest/forest_213.jpg,Forest
data/raw/AID/Forest/forest_207.jpg,Forest
data/raw/AID/Forest/forest_165.jpg,Forest
data/raw/AID/Forest/forest_171.jpg,Forest
data/raw/AID/Forest/forest_159.jpg,Forest
data/raw/AID/Forest/forest_175.jpg,Forest
data/raw/AID/Forest/forest_161.jpg,Forest
data/raw/AID/Forest/forest_149.jpg,Forest
data/raw/AID/Forest/forest_203.jpg,Forest
data/raw/AID/Forest/forest_217.jpg,Forest
data/raw/AID/Forest/forest_6.jpg,Forest
data/raw/AID/Forest/forest_86.jpg,Forest
data/raw/AID/Forest/forest_92.jpg,Forest
data/raw/AID/Forest/forest_79.jpg,Forest
data/raw/AID/Forest/forest_45.jpg,Forest
data/raw/AID/Forest/forest_51.jpg,Forest
data/raw/AID/Forest/forest_50.jpg,Forest
data/raw/AID/Forest/forest_44.jpg,Forest
data/raw/AID/Forest/forest_78.jpg,Forest
data/raw/AID/Forest/forest_93.jpg,Forest
data/raw/AID/Forest/forest_87.jpg,Forest
data/raw/AID/Forest/forest_7.jpg,Forest
data/raw/AID/Forest/forest_216.jpg,Forest
data/raw/AID/Forest/forest_202.jpg,Forest
data/raw/AID/Forest/forest_148.jpg,Forest
data/raw/AID/Forest/forest_160.jpg,Forest
data/raw/AID/Forest/forest_174.jpg,Forest
data/raw/AID/Forest/forest_189.jpg,Forest
data/raw/AID/Forest/forest_162.jpg,Forest
data/raw/AID/Forest/forest_176.jpg,Forest
data/raw/AID/Forest/forest_214.jpg,Forest
data/raw/AID/Forest/forest_200.jpg,Forest
data/raw/AID/Forest/forest_228.jpg,Forest
data/raw/AID/Forest/forest_5.jpg,Forest
data/raw/AID/Forest/forest_91.jpg,Forest
data/raw/AID/Forest/forest_85.jpg,Forest
data/raw/AID/Forest/forest_52.jpg,Forest
data/raw/AID/Forest/forest_46.jpg,Forest
data/raw/AID/Forest/forest_47.jpg,Forest
data/raw/AID/Forest/forest_53.jpg,Forest
data/raw/AID/Forest/forest_84.jpg,Forest
data/raw/AID/Forest/forest_90.jpg,Forest
data/raw/AID/Forest/forest_4.jpg,Forest
data/raw/AID/Forest/forest_229.jpg,Forest
data/raw/AID/Forest/forest_201.jpg,Forest
data/raw/AID/Forest/forest_215.jpg,Forest
data/raw/AID/Forest/forest_177.jpg,Forest
data/raw/AID/Forest/forest_163.jpg,Forest
data/raw/AID/Forest/forest_188.jpg,Forest
data/raw/AID/Forest/forest_138.jpg,Forest
data/raw/AID/Forest/forest_104.jpg,Forest
data/raw/AID/Forest/forest_110.jpg,Forest
data/raw/AID/Forest/forest_34.jpg,Forest
data/raw/AID/Forest/forest_20.jpg,Forest
data/raw/AID/Forest/forest_21.jpg,Forest
data/raw/AID/Forest/forest_35.jpg,Forest
data/raw/AID/Forest/forest_111.jpg,Forest
data/raw/AID/Forest/forest_105.jpg,Forest
data/raw/AID/Forest/forest_139.jpg,Forest
data/raw/AID/Forest/forest_113.jpg,Forest
data/raw/AID/Forest/forest_107.jpg,Forest
data/raw/AID/Forest/forest_23.jpg,Forest
data/raw/AID/Forest/forest_37.jpg,Forest
data/raw/AID/Forest/forest_36.jpg,Forest
data/raw/AID/Forest/forest_22.jpg,Forest
data/raw/AID/Forest/forest_106.jpg,Forest
data/raw/AID/Forest/forest_112.jpg,Forest
data/raw/AID/Forest/forest_116.jpg,Forest
data/raw/AID/Forest/forest_102.jpg,Forest
data/raw/AID/Forest/forest_248.jpg,Forest
data/raw/AID/Forest/forest_26.jpg,Forest
data/raw/AID/Forest/forest_32.jpg,Forest
data/raw/AID/Forest/forest_33.jpg,Forest
data/raw/AID/Forest/forest_27.jpg,Forest
data/raw/AID/Forest/forest_249.jpg,Forest
data/raw/AID/Forest/forest_103.jpg,Forest
data/raw/AID/Forest/forest_117.jpg,Forest
data/raw/AID/Forest/forest_101.jpg,Forest
data/raw/AID/Forest/forest_115.jpg,Forest
data/raw/AID/Forest/forest_129.jpg,Forest
data/raw/AID/Forest/forest_19.jpg,Forest
data/raw/AID/Forest/forest_31.jpg,Forest
data/raw/AID/Forest/forest_25.jpg,Forest
data/raw/AID/Forest/forest_24.jpg,Forest
data/raw/AID/Forest/forest_30.jpg,Forest
data/raw/AID/Forest/forest_18.jpg,Forest
data/raw/AID/Forest/forest_128.jpg,Forest
data/raw/AID/Forest/forest_114.jpg,Forest
data/raw/AID/Forest/forest_100.jpg,Forest
data/raw/AID/Desert/desert_22.jpg,Desert
data/raw/AID/Desert/desert_136.jpg,Desert
data/raw/AID/Desert/desert_122.jpg,Desert
data/raw/AID/Desert/desert_36.jpg,Desert
data/raw/AID/Desert/desert_7.jpg,Desert
data/raw/AID/Desert/desert_283.jpg,Desert
data/raw/AID/Desert/desert_297.jpg,Desert
data/raw/AID/Desert/desert_268.jpg,Desert
data/raw/AID/Desert/desert_240.jpg,Desert
data/raw/AID/Desert/desert_254.jpg,Desert
data/raw/AID/Desert/desert_255.jpg,Desert
data/raw/AID/Desert/desert_241.jpg,Desert
data/raw/AID/Desert/desert_269.jpg,Desert
data/raw/AID/Desert/desert_296.jpg,Desert
data/raw/AID/Desert/desert_282.jpg,Desert
data/raw/AID/Desert/desert_6.jpg,Desert
data/raw/AID/Desert/desert_37.jpg,Desert
data/raw/AID/Desert/desert_123.jpg,Desert
data/raw/AID/Desert/desert_137.jpg,Desert
data/raw/AID/Desert/desert_23.jpg,Desert
data/raw/AID/Desert/desert_109.jpg,Desert
data/raw/AID/Desert/desert_121.jpg,Desert
data/raw/AID/Desert/desert_35.jpg,Desert
data/raw/AID/Desert/desert_21.jpg,Desert
data/raw/AID/Desert/desert_135.jpg,Desert
data/raw/AID/Desert/desert_4.jpg,Desert
data/raw/AID/Desert/desert_294.jpg,Desert
data/raw/AID/Desert/desert_280.jpg,Desert
data/raw/AID/Desert/desert_257.jpg,Desert
data/raw/AID/Desert/desert_243.jpg,Desert
data/raw/AID/Desert/desert_242.jpg,Desert
data/raw/AID/Desert/desert_256.jpg,Desert
data/raw/AID/Desert/desert_281.jpg,Desert
data/raw/AID/Desert/desert_295.jpg,Desert
data/raw/AID/Desert/desert_5.jpg,Desert
data/raw/AID/Desert/desert_134.jpg,Desert
data/raw/AID/Desert/desert_20.jpg,Desert
data/raw/AID/Desert/desert_34.jpg,Desert
data/raw/AID/Desert/desert_120.jpg,Desert
data/raw/AID/Desert/desert_108.jpg,Desert
data/raw/AID/Desert/desert_124.jpg,Desert
data/raw/AID/Desert/desert_30.jpg,Desert
data/raw/AID/Desert/desert_24.jpg,Desert
data/raw/AID/Desert/desert_130.jpg,Desert
data/raw/AID/Desert/desert_118.jpg,Desert
data/raw/AID/Desert/desert_18.jpg,Desert
data/raw/AID/Desert/desert_1.jpg,Desert
data/raw/AID/Desert/desert_291.jpg,Desert
data/raw/AID/Desert/desert_285.jpg,Desert
data/raw/AID/Desert/desert_252.jpg,Desert
data/raw/AID/Desert/desert_246.jpg,Desert
data/raw/AID/Desert/desert_247.jpg,Desert
data/raw/AID/Desert/desert_253.jpg,Desert
data/raw/AID/Desert/desert_284.jpg,Desert
data/raw/AID/Desert/desert_290.jpg,Desert
data/raw/AID/Desert/desert_19.jpg,Desert
data/raw/AID/Desert/desert_119.jpg,Desert
data/raw/AID/Desert/desert_131.jpg,Desert
data/raw/AID/Desert/desert_25.jpg,Desert
data/raw/AID/Desert/desert_31.jpg,Desert
data/raw/AID/Desert/desert_125.jpg,Desert
data/raw/AID/Desert/desert_27.jpg,Desert
data/raw/AID/Desert/desert_133.jpg,Desert
data/raw/AID/Desert/desert_127.jpg,Desert
data/raw/AID/Desert/desert_33.jpg,Desert
data/raw/AID/Desert/desert_2.jpg,Desert
data/raw/AID/Desert/desert_286.jpg,Desert
data/raw/AID/Desert/desert_292.jpg,Desert
data/raw/AID/Desert/desert_245.jpg,Desert
data/raw/AID/Desert/desert_251.jpg,Desert
data/raw/AID/Desert/desert_279.jpg,Desert
data/raw/AID/Desert/desert_278.jpg,Desert
data/raw/AID/Desert/desert_250.jpg,Desert
data/raw/AID/Desert/desert_244.jpg,Desert
data/raw/AID/Desert/desert_293.jpg,Desert
data/raw/AID/Desert/desert_287.jpg,Desert
data/raw/AID/Desert/desert_3.jpg,Desert
data/raw/AID/Desert/desert_32.jpg,Desert
data/raw/AID/Desert/desert_126.jpg,Desert
data/raw/AID/Desert/desert_132.jpg,Desert
data/raw/AID/Desert/desert_26.jpg,Desert
data/raw/AID/Desert/desert_82.jpg,Desert
data/raw/AID/Desert/desert_196.jpg,Desert
data/raw/AID/Desert/desert_182.jpg,Desert
data/raw/AID/Desert/desert_96.jpg,Desert
data/raw/AID/Desert/desert_169.jpg,Desert
data/raw/AID/Desert/desert_69.jpg,Desert
data/raw/AID/Desert/desert_155.jpg,Desert
data/raw/AID/Desert/desert_41.jpg,Desert
data/raw/AID/Desert/desert_55.jpg,Desert
data/raw/AID/Desert/desert_141.jpg,Desert
data/raw/AID/Desert/desert_223.jpg,Desert
data/raw/AID/Desert/desert_237.jpg,Desert
data/raw/AID/Desert/desert_236.jpg,Desert
data/raw/AID/Desert/desert_222.jpg,Desert
data/raw/AID/Desert/desert_140.jpg,Desert
data/raw/AID/Desert/desert_54.jpg,Desert
data/raw/AID/Desert/desert_40.jpg,Desert
data/raw/AID/Desert/desert_154.jpg,Desert
data/raw/AID/Desert/desert_68.jpg,Desert
data/raw/AID/Desert/desert_168.jpg,Desert
data/raw/AID/Desert/desert_97.jpg,Desert
data/raw/AID/Desert/desert_183.jpg,Desert
data/raw/AID/Desert/desert_197.jpg,Desert
data/raw/AID/Desert/desert_83.jpg,Desert
data/raw/AID/Desert/desert_181.jpg,Desert
data/raw/AID/Desert/desert_95.jpg,Desert
data/raw/AID/Desert/desert_81.jpg,Desert
data/raw/AID/Desert/desert_195.jpg,Desert
data/raw/AID/Desert/desert_56.jpg,Desert
data/raw/AID/Desert/desert_142.jpg,Desert
data/raw/AID/Desert/desert_156.jpg,Desert
data/raw/AID/Desert/desert_42.jpg,Desert
data/raw/AID/Desert/desert_208.jpg,Desert
data/raw/AID/Desert/desert_234.jpg,Desert
data/raw/AID/Desert/desert_220.jpg,Desert
data/raw/AID/Desert/desert_221.jpg,Desert
data/raw/AID/Desert/desert_235.jpg,Desert
data/raw/AID/Desert/desert_209.jpg,Desert
data/raw/AID/Desert/desert_43.jpg,Desert
data/raw/AID/Desert/desert_157.jpg,Desert
data/raw/AID/Desert/desert_143.jpg,Desert
data/raw/AID/Desert/desert_57.jpg,Desert
data/raw/AID/Desert/desert_194.jpg,Desert
data/raw/AID/Desert/desert_80.jpg,Desert
data/raw/AID/Desert/desert_94.jpg,Desert
data/raw/AID/Desert/desert_180.jpg,Desert
data/raw/AID/Desert/desert_184.jpg,Desert
data/raw/AID/Desert/desert_90.jpg,Desert
data/raw/AID/Desert/desert_84.jpg,Desert
data/raw/AID/Desert/desert_190.jpg,Desert
data/raw/AID/Desert/desert_53.jpg,Desert
data/raw/AID/Desert/desert_147.jpg,Desert
data/raw/AID/Desert/desert_153.jpg,Desert
data/raw/AID/Desert/desert_47.jpg,Desert
data/raw/AID/Desert/desert_231.jpg,Desert
data/raw/AID/Desert/desert_225.jpg,Desert
data/raw/AID/Desert/desert_219.jpg,Desert
data/raw/AID/Desert/desert_218.jpg,Desert
data/raw/AID/Desert/desert_224.jpg,Desert
data/raw/AID/Desert/desert_230.jpg,Desert
data/raw/AID/Desert/desert_46.jpg,Desert
data/raw/AID/Desert/desert_152.jpg,Desert
data/raw/AID/Desert/desert_146.jpg,Desert
data/raw/AID/Desert/desert_52.jpg,Desert
data/raw/AID/Desert/desert_191.jpg,Desert
data/raw/AID/Desert/desert_85.jpg,Desert
data/raw/AID/Desert/desert_91.jpg,Desert
data/raw/AID/Desert/desert_185.jpg,Desert
data/raw/AID/Desert/desert_87.jpg,Desert
data/raw/AID/Desert/desert_193.jpg,Desert
data/raw/AID/Desert/desert_187.jpg,Desert
data/raw/AID/Desert/desert_93.jpg,Desert
data/raw/AID/Desert/desert_150.jpg,Desert
data/raw/AID/Desert/desert_44.jpg,Desert
data/raw/AID/Desert/desert_50.jpg,Desert
data/raw/AID/Desert/desert_144.jpg,Desert
data/raw/AID/Desert/desert_78.jpg,Desert
data/raw/AID/Desert/desert_178.jpg,Desert
data/raw/AID/Desert/desert_226.jpg,Desert
data/raw/AID/Desert/desert_232.jpg,Desert
data/raw/AID/Desert/desert_233.jpg,Desert
data/raw/AID/Desert/desert_227.jpg,Desert
data/raw/AID/Desert/desert_179.jpg,Desert
data/raw/AID/Desert/desert_79.jpg,Desert
data/raw/AID/Desert/desert_145.jpg,Desert
data/raw/AID/Desert/desert_51.jpg,Desert
data/raw/AID/Desert/desert_45.jpg,Desert
data/raw/AID/Desert/desert_151.jpg,Desert
data/raw/AID/Desert/desert_92.jpg,Desert
data/raw/AID/Desert/desert_186.jpg,Desert
data/raw/AID/Desert/desert_192.jpg,Desert
data/raw/AID/Desert/desert_86.jpg,Desert
data/raw/AID/Desert/desert_148.jpg,Desert
data/raw/AID/Desert/desert_48.jpg,Desert
data/raw/AID/Desert/desert_60.jpg,Desert
data/raw/AID/Desert/desert_174.jpg,Desert
data/raw/AID/Desert/desert_160.jpg,Desert
data/raw/AID/Desert/desert_74.jpg,Desert
data/raw/AID/Desert/desert_202.jpg,Desert
data/raw/AID/Desert/desert_216.jpg,Desert
data/raw/AID/Desert/desert_217.jpg,Desert
data/raw/AID/Desert/desert_203.jpg,Desert
data/raw/AID/Desert/desert_75.jpg,Desert
data/raw/AID/Desert/desert_161.jpg,Desert
data/raw/AID/Desert/desert_175.jpg,Desert
data/raw/AID/Desert/desert_61.jpg,Desert
data/raw/AID/Desert/desert_49.jpg,Desert
data/raw/AID/Desert/desert_149.jpg,Desert
data/raw/AID/Desert/desert_88.jpg,Desert
data/raw/AID/Desert/desert_188.jpg,Desert
data/raw/AID/Desert/desert_163.jpg,Desert
data/raw/AID/Desert/desert_77.jpg,Desert
data/raw/AID/Desert/desert_63.jpg,Desert
data/raw/AID/Desert/desert_177.jpg,Desert
data/raw/AID/Desert/desert_229.jpg,Desert
data/raw/AID/Desert/desert_215.jpg,Desert
data/raw/AID/Desert/desert_201.jpg,Desert
data/raw/AID/Desert/desert_200.jpg,Desert
data/raw/AID/Desert/desert_214.jpg,Desert
data/raw/AID/Desert/desert_228.jpg,Desert
data/raw/AID/Desert/desert_176.jpg,Desert
data/raw/AID/Desert/desert_62.jpg,Desert
data/raw/AID/Desert/desert_76.jpg,Desert
data/raw/AID/Desert/desert_162.jpg,Desert
data/raw/AID/Desert/desert_189.jpg,Desert
data/raw/AID/Desert/desert_89.jpg,Desert
data/raw/AID/Desert/desert_199.jpg,Desert
data/raw/AID/Desert/desert_99.jpg,Desert
data/raw/AID/Desert/desert_166.jpg,Desert
data/raw/AID/Desert/desert_72.jpg,Desert
data/raw/AID/Desert/desert_66.jpg,Desert
data/raw/AID/Desert/desert_172.jpg,Desert
data/raw/AID/Desert/desert_210.jpg,Desert
data/raw/AID/Desert/desert_204.jpg,Desert
data/raw/AID/Desert/desert_238.jpg,Desert
data/raw/AID/Desert/desert_239.jpg,Desert
data/raw/AID/Desert/desert_205.jpg,Desert
data/raw/AID/Desert/desert_211.jpg,Desert
data/raw/AID/Desert/desert_173.jpg,Desert
data/raw/AID/Desert/desert_67.jpg,Desert
data/raw/AID/Desert/desert_73.jpg,Desert
data/raw/AID/Desert/desert_167.jpg,Desert
data/raw/AID/Desert/desert_98.jpg,Desert
data/raw/AID/Desert/desert_198.jpg,Desert
data/raw/AID/Desert/desert_65.jpg,Desert
data/raw/AID/Desert/desert_171.jpg,Desert
data/raw/AID/Desert/desert_165.jpg,Desert
data/raw/AID/Desert/desert_71.jpg,Desert
data/raw/AID/Desert/desert_59.jpg,Desert
data/raw/AID/Desert/desert_159.jpg,Desert
data/raw/AID/Desert/desert_207.jpg,Desert
data/raw/AID/Desert/desert_213.jpg,Desert
data/raw/AID/Desert/desert_212.jpg,Desert
data/raw/AID/Desert/desert_206.jpg,Desert
data/raw/AID/Desert/desert_158.jpg,Desert
data/raw/AID/Desert/desert_58.jpg,Desert
data/raw/AID/Desert/desert_70.jpg,Desert
data/raw/AID/Desert/desert_164.jpg,Desert
data/raw/AID/Desert/desert_170.jpg,Desert
data/raw/AID/Desert/desert_64.jpg,Desert
data/raw/AID/Desert/desert_117.jpg,Desert
data/raw/AID/Desert/desert_17.jpg,Desert
data/raw/AID/Desert/desert_103.jpg,Desert
data/raw/AID/Desert/desert_249.jpg,Desert
data/raw/AID/Desert/desert_261.jpg,Desert
data/raw/AID/Desert/desert_275.jpg,Desert
data/raw/AID/Desert/desert_274.jpg,Desert
data/raw/AID/Desert/desert_260.jpg,Desert
data/raw/AID/Desert/desert_248.jpg,Desert
data/raw/AID/Desert/desert_102.jpg,Desert
data/raw/AID/Desert/desert_16.jpg,Desert
data/raw/AID/Desert/desert_116.jpg,Desert
data/raw/AID/Desert/desert_300.jpg,Desert
data/raw/AID/Desert/desert_28.jpg,Desert
data/raw/AID/Desert/desert_128.jpg,Desert
data/raw/AID/Desert/desert_14.jpg,Desert
data/raw/AID/Desert/desert_100.jpg,Desert
data/raw/AID/Desert/desert_114.jpg,Desert
data/raw/AID/Desert/desert_289.jpg,Desert
data/raw/AID/Desert/desert_276.jpg,Desert
data/raw/AID/Desert/desert_262.jpg,Desert
data/raw/AID/Desert/desert_263.jpg,Desert
data/raw/AID/Desert/desert_277.jpg,Desert
data/raw/AID/Desert/desert_288.jpg,Desert
data/raw/AID/Desert/desert_115.jpg,Desert
data/raw/AID/Desert/desert_101.jpg,Desert
data/raw/AID/Desert/desert_15.jpg,Desert
data/raw/AID/Desert/desert_129.jpg,Desert
data/raw/AID/Desert/desert_29.jpg,Desert
data/raw/AID/Desert/desert_11.jpg,Desert
data/raw/AID/Desert/desert_105.jpg,Desert
data/raw/AID/Desert/desert_111.jpg,Desert
data/raw/AID/Desert/desert_139.jpg,Desert
data/raw/AID/Desert/desert_39.jpg,Desert
data/raw/AID/Desert/desert_8.jpg,Desert
data/raw/AID/Desert/desert_298.jpg,Desert
data/raw/AID/Desert/desert_273.jpg,Desert
data/raw/AID/Desert/desert_267.jpg,Desert
data/raw/AID/Desert/desert_266.jpg,Desert
data/raw/AID/Desert/desert_272.jpg,Desert
data/raw/AID/Desert/desert_299.jpg,Desert
data/raw/AID/Desert/desert_9.jpg,Desert
data/raw/AID/Desert/desert_38.jpg,Desert
data/raw/AID/Desert/desert_138.jpg,Desert
data/raw/AID/Desert/desert_110.jpg,Desert
data/raw/AID/Desert/desert_104.jpg,Desert
data/raw/AID/Desert/desert_10.jpg,Desert
data/raw/AID/Desert/desert_112.jpg,Desert
data/raw/AID/Desert/desert_12.jpg,Desert
data/raw/AID/Desert/desert_106.jpg,Desert
data/raw/AID/Desert/desert_264.jpg,Desert
data/raw/AID/Desert/desert_270.jpg,Desert
data/raw/AID/Desert/desert_258.jpg,Desert
data/raw/AID/Desert/desert_259.jpg,Desert
data/raw/AID/Desert/desert_271.jpg,Desert
data/raw/AID/Desert/desert_265.jpg,Desert
data/raw/AID/Desert/desert_107.jpg,Desert
data/raw/AID/Desert/desert_13.jpg,Desert
data/raw/AID/Desert/desert_113.jpg,Desert
data/raw/AID/Beach/beach_203.jpg,Beach
data/raw/AID/Beach/beach_217.jpg,Beach
data/raw/AID/Beach/beach_59.jpg,Beach
data/raw/AID/Beach/beach_65.jpg,Beach
data/raw/AID/Beach/beach_71.jpg,Beach
data/raw/AID/Beach/beach_175.jpg,Beach
data/raw/AID/Beach/beach_161.jpg,Beach
data/raw/AID/Beach/beach_149.jpg,Beach
data/raw/AID/Beach/beach_377.jpg,Beach
data/raw/AID/Beach/beach_363.jpg,Beach
data/raw/AID/Beach/beach_388.jpg,Beach
data/raw/AID/Beach/beach_9.jpg,Beach
data/raw/AID/Beach/beach_389.jpg,Beach
data/raw/AID/Beach/beach_8.jpg,Beach
data/raw/AID/Beach/beach_362.jpg,Beach
data/raw/AID/Beach/beach_376.jpg,Beach
data/raw/AID/Beach/beach_148.jpg,Beach
data/raw/AID/Beach/beach_160.jpg,Beach
data/raw/AID/Beach/beach_174.jpg,Beach
data/raw/AID/Beach/beach_70.jpg,Beach
data/raw/AID/Beach/beach_64.jpg,Beach
data/raw/AID/Beach/beach_58.jpg,Beach
data/raw/AID/Beach/beach_216.jpg,Beach
data/raw/AID/Beach/beach_202.jpg,Beach
data/raw/AID/Beach/beach_214.jpg,Beach
data/raw/AID/Beach/beach_200.jpg,Beach
data/raw/AID/Beach/beach_228.jpg,Beach
data/raw/AID/Beach/beach_72.jpg,Beach
data/raw/AID/Beach/beach_66.jpg,Beach
data/raw/AID/Beach/beach_99.jpg,Beach
data/raw/AID/Beach/beach_162.jpg,Beach
data/raw/AID/Beach/beach_176.jpg,Beach
data/raw/AID/Beach/beach_189.jpg,Beach
data/raw/AID/Beach/beach_360.jpg,Beach
data/raw/AID/Beach/beach_374.jpg,Beach
data/raw/AID/Beach/beach_348.jpg,Beach
data/raw/AID/Beach/beach_349.jpg,Beach
data/raw/AID/Beach/beach_375.jpg,Beach
data/raw/AID/Beach/beach_361.jpg,Beach
data/raw/AID/Beach/beach_188.jpg,Beach
data/raw/AID/Beach/beach_177.jpg,Beach
data/raw/AID/Beach/beach_163.jpg,Beach
data/raw/AID/Beach/beach_98.jpg,Beach
data/raw/AID/Beach/beach_67.jpg,Beach
data/raw/AID/Beach/beach_73.jpg,Beach
data/raw/AID/Beach/beach_229.jpg,Beach
data/raw/AID/Beach/beach_201.jpg,Beach
data/raw/AID/Beach/beach_215.jpg,Beach
data/raw/AID/Beach/beach_239.jpg,Beach
data/raw/AID/Beach/beach_211.jpg,Beach
data/raw/AID/Beach/beach_205.jpg,Beach
data/raw/AID/Beach/beach_77.jpg,Beach
data/raw/AID/Beach/beach_63.jpg,Beach
data/raw/AID/Beach/beach_88.jpg,Beach
data/raw/AID/Beach/beach_167.jpg,Beach
data/raw/AID/Beach/beach_173.jpg,Beach
data/raw/AID/Beach/beach_198.jpg,Beach
data/raw/AID/Beach/beach_359.jpg,Beach
data/raw/AID/Beach/beach_365.jpg,Beach
data/raw/AID/Beach/beach_371.jpg,Beach
data/raw/AID/Beach/beach_370.jpg,Beach
data/raw/AID/Beach/beach_364.jpg,Beach
data/raw/AID/Beach/beach_358.jpg,Beach
data/raw/AID/Beach/beach_199.jpg,Beach
data/raw/AID/Beach/beach_172.jpg,Beach
data/raw/AID/Beach/beach_166.jpg,Beach
data/raw/AID/Beach/beach_89.jpg,Beach
data/raw/AID/Beach/beach_62.jpg,Beach
data/raw/AID/Beach/beach_76.jpg,Beach
data/raw/AID/Beach/beach_204.jpg,Beach
data/raw/AID/Beach/beach_210.jpg,Beach
data/raw/AID/Beach/beach_238.jpg,Beach
data/raw/AID/Beach/beach_206.jpg,Beach
data/raw/AID/Beach/beach_212.jpg,Beach
data/raw/AID/Beach/beach_60.jpg,Beach
data/raw/AID/Beach/beach_74.jpg,Beach
data/raw/AID/Beach/beach_48.jpg,Beach
data/raw/AID/Beach/beach_158.jpg,Beach
data/raw/AID/Beach/beach_170.jpg,Beach
data/raw/AID/Beach/beach_164.jpg,Beach
data/raw/AID/Beach/beach_372.jpg,Beach
data/raw/AID/Beach/beach_366.jpg,Beach
data/raw/AID/Beach/beach_400.jpg,Beach
data/raw/AID/Beach/beach_399.jpg,Beach
data/raw/AID/Beach/beach_398.jpg,Beach
data/raw/AID/Beach/beach_367.jpg,Beach
data/raw/AID/Beach/beach_373.jpg,Beach
data/raw/AID/Beach/beach_165.jpg,Beach
data/raw/AID/Beach/beach_171.jpg,Beach
data/raw/AID/Beach/beach_159.jpg,Beach
data/raw/AID/Beach/beach_49.jpg,Beach
data/raw/AID/Beach/beach_75.jpg,Beach
data/raw/AID/Beach/beach_61.jpg,Beach
data/raw/AID/Beach/beach_213.jpg,Beach
data/raw/AID/Beach/beach_207.jpg,Beach
data/raw/AID/Beach/beach_260.jpg,Beach
data/raw/AID/Beach/beach_274.jpg,Beach
data/raw/AID/Beach/beach_248.jpg,Beach
data/raw/AID/Beach/beach_12.jpg,Beach
data/raw/AID/Beach/beach_116.jpg,Beach
data/raw/AID/Beach/beach_102.jpg,Beach
data/raw/AID/Beach/beach_314.jpg,Beach
data/raw/AID/Beach/beach_300.jpg,Beach
data/raw/AID/Beach/beach_328.jpg,Beach
data/raw/AID/Beach/beach_329.jpg,Beach
data/raw/AID/Beach/beach_301.jpg,Beach
data/raw/AID/Beach/beach_315.jpg,Beach
data/raw/AID/Beach/beach_103.jpg,Beach
data/raw/AID/Beach/beach_117.jpg,Beach
data/raw/AID/Beach/beach_13.jpg,Beach
data/raw/AID/Beach/beach_249.jpg,Beach
data/raw/AID/Beach/beach_275.jpg,Beach
data/raw/AID/Beach/beach_261.jpg,Beach
data/raw/AID/Beach/beach_277.jpg,Beach
data/raw/AID/Beach/beach_263.jpg,Beach
data/raw/AID/Beach/beach_288.jpg,Beach
data/raw/AID/Beach/beach_39.jpg,Beach
data/raw/AID/Beach/beach_11.jpg,Beach
data/raw/AID/Beach/beach_101.jpg,Beach
data/raw/AID/Beach/beach_115.jpg,Beach
data/raw/AID/Beach/beach_129.jpg,Beach
data/raw/AID/Beach/beach_303.jpg,Beach
data/raw/AID/Beach/beach_317.jpg,Beach
data/raw/AID/Beach/beach_316.jpg,Beach
data/raw/AID/Beach/beach_302.jpg,Beach
data/raw/AID/Beach/beach_128.jpg,Beach
data/raw/AID/Beach/beach_114.jpg,Beach
data/raw/AID/Beach/beach_100.jpg,Beach
data/raw/AID/Beach/beach_10.jpg,Beach
data/raw/AID/Beach/beach_38.jpg,Beach
data/raw/AID/Beach/beach_289.jpg,Beach
data/raw/AID/Beach/beach_262.jpg,Beach
data/raw/AID/Beach/beach_276.jpg,Beach
data/raw/AID/Beach/beach_272.jpg,Beach
data/raw/AID/Beach/beach_266.jpg,Beach
data/raw/AID/Beach/beach_299.jpg,Beach
data/raw/AID/Beach/beach_14.jpg,Beach
data/raw/AID/Beach/beach_28.jpg,Beach
data/raw/AID/Beach/beach_138.jpg,Beach
data/raw/AID/Beach/beach_104.jpg,Beach
data/raw/AID/Beach/beach_110.jpg,Beach
data/raw/AID/Beach/beach_306.jpg,Beach
data/raw/AID/Beach/beach_312.jpg,Beach
data/raw/AID/Beach/beach_313.jpg,Beach
data/raw/AID/Beach/beach_307.jpg,Beach
data/raw/AID/Beach/beach_111.jpg,Beach
data/raw/AID/Beach/beach_105.jpg,Beach
data/raw/AID/Beach/beach_139.jpg,Beach
data/raw/AID/Beach/beach_29.jpg,Beach
data/raw/AID/Beach/beach_15.jpg,Beach
data/raw/AID/Beach/beach_298.jpg,Beach
data/raw/AID/Beach/beach_267.jpg,Beach
data/raw/AID/Beach/beach_273.jpg,Beach
data/raw/AID/Beach/beach_259.jpg,Beach
data/raw/AID/Beach/beach_265.jpg,Beach
data/raw/AID/Beach/beach_271.jpg,Beach
data/raw/AID/Beach/beach_17.jpg,Beach
data/raw/AID/Beach/beach_113.jpg,Beach
data/raw/AID/Beach/beach_107.jpg,Beach
data/raw/AID/Beach/beach_339.jpg,Beach
data/raw/AID/Beach/beach_311.jpg,Beach
data/raw/AID/Beach/beach_305.jpg,Beach
data/raw/AID/Beach/beach_304.jpg,Beach
data/raw/AID/Beach/beach_310.jpg,Beach
data/raw/AID/Beach/beach_338.jpg,Beach
data/raw/AID/Beach/beach_106.jpg,Beach
data/raw/AID/Beach/beach_112.jpg,Beach
data/raw/AID/Beach/beach_16.jpg,Beach
data/raw/AID/Beach/beach_270.jpg,Beach
data/raw/AID/Beach/beach_264.jpg,Beach
data/raw/AID/Beach/beach_258.jpg,Beach
data/raw/AID/Beach/beach_241.jpg,Beach
data/raw/AID/Beach/beach_255.jpg,Beach
data/raw/AID/Beach/beach_269.jpg,Beach
data/raw/AID/Beach/beach_282.jpg,Beach
data/raw/AID/Beach/beach_296.jpg,Beach
data/raw/AID/Beach/beach_27.jpg,Beach
data/raw/AID/Beach/beach_33.jpg,Beach
data/raw/AID/Beach/beach_137.jpg,Beach
data/raw/AID/Beach/beach_123.jpg,Beach
data/raw/AID/Beach/beach_335.jpg,Beach
data/raw/AID/Beach/beach_321.jpg,Beach
data/raw/AID/Beach/beach_309.jpg,Beach
data/raw/AID/Beach/beach_308.jpg,Beach
data/raw/AID/Beach/beach_320.jpg,Beach
data/raw/AID/Beach/beach_334.jpg,Beach
data/raw/AID/Beach/beach_122.jpg,Beach
data/raw/AID/Beach/beach_136.jpg,Beach
data/raw/AID/Beach/beach_32.jpg,Beach
data/raw/AID/Beach/beach_26.jpg,Beach
data/raw/AID/Beach/beach_297.jpg,Beach
data/raw/AID/Beach/beach_283.jpg,Beach
data/raw/AID/Beach/beach_268.jpg,Beach
data/raw/AID/Beach/beach_254.jpg,Beach
data/raw/AID/Beach/beach_240.jpg,Beach
data/raw/AID/Beach/beach_256.jpg,Beach
data/raw/AID/Beach/beach_242.jpg,Beach
data/raw/AID/Beach/beach_295.jpg,Beach
data/raw/AID/Beach/beach_281.jpg,Beach
data/raw/AID/Beach/beach_18.jpg,Beach
data/raw/AID/Beach/beach_30.jpg,Beach
data/raw/AID/Beach/beach_24.jpg,Beach
data/raw/AID/Beach/beach_120.jpg,Beach
data/raw/AID/Beach/beach_134.jpg,Beach
data/raw/AID/Beach/beach_108.jpg,Beach
data/raw/AID/Beach/beach_322.jpg,Beach
data/raw/AID/Beach/beach_336.jpg,Beach
data/raw/AID/Beach/beach_337.jpg,Beach
data/raw/AID/Beach/beach_323.jpg,Beach
data/raw/AID/Beach/beach_109.jpg,Beach
data/raw/AID/Beach/beach_135.jpg,Beach
data/raw/AID/Beach/beach_121.jpg,Beach
data/raw/AID/Beach/beach_25.jpg,Beach
data/raw/AID/Beach/beach_31.jpg,Beach
data/raw/AID/Beach/beach_19.jpg,Beach
data/raw/AID/Beach/beach_280.jpg,Beach
data/raw/AID/Beach/beach_294.jpg,Beach
data/raw/AID/Beach/beach_243.jpg,Beach
data/raw/AID/Beach/beach_257.jpg,Beach
data/raw/AID/Beach/beach_253.jpg,Beach
data/raw/AID/Beach/beach_247.jpg,Beach
data/raw/AID/Beach/beach_290.jpg,Beach
data/raw/AID/Beach/beach_284.jpg,Beach
data/raw/AID/Beach/beach_35.jpg,Beach
data/raw/AID/Beach/beach_21.jpg,Beach
data/raw/AID/Beach/beach_119.jpg,Beach
data/raw/AID/Beach/beach_125.jpg,Beach
data/raw/AID/Beach/beach_131.jpg,Beach
data/raw/AID/Beach/beach_327.jpg,Beach
data/raw/AID/Beach/beach_333.jpg,Beach
data/raw/AID/Beach/beach_332.jpg,Beach
data/raw/AID/Beach/beach_326.jpg,Beach
data/raw/AID/Beach/beach_130.jpg,Beach
data/raw/AID/Beach/beach_124.jpg,Beach
data/raw/AID/Beach/beach_118.jpg,Beach
data/raw/AID/Beach/beach_20.jpg,Beach
data/raw/AID/Beach/beach_34.jpg,Beach
data/raw/AID/Beach/beach_285.jpg,Beach
data/raw/AID/Beach/beach_291.jpg,Beach
data/raw/AID/Beach/beach_246.jpg,Beach
data/raw/AID/Beach/beach_252.jpg,Beach
data/raw/AID/Beach/beach_278.jpg,Beach
data/raw/AID/Beach/beach_244.jpg,Beach
data/raw/AID/Beach/beach_250.jpg,Beach
data/raw/AID/Beach/beach_287.jpg,Beach
data/raw/AID/Beach/beach_293.jpg,Beach
data/raw/AID/Beach/beach_22.jpg,Beach
data/raw/AID/Beach/beach_36.jpg,Beach
data/raw/AID/Beach/beach_132.jpg,Beach
data/raw/AID/Beach/beach_126.jpg,Beach
data/raw/AID/Beach/beach_318.jpg,Beach
data/raw/AID/Beach/beach_330.jpg,Beach
data/raw/AID/Beach/beach_324.jpg,Beach
data/raw/AID/Beach/beach_325.jpg,Beach
data/raw/AID/Beach/beach_331.jpg,Beach
data/raw/AID/Beach/beach_319.jpg,Beach
data/raw/AID/Beach/beach_127.jpg,Beach
data/raw/AID/Beach/beach_133.jpg,Beach
data/raw/AID/Beach/beach_37.jpg,Beach
data/raw/AID/Beach/beach_23.jpg,Beach
data/raw/AID/Beach/beach_292.jpg,Beach
data/raw/AID/Beach/beach_286.jpg,Beach
data/raw/AID/Beach/beach_251.jpg,Beach
data/raw/AID/Beach/beach_245.jpg,Beach
data/raw/AID/Beach/beach_279.jpg,Beach
data/raw/AID/Beach/beach_222.jpg,Beach
data/raw/AID/Beach/beach_236.jpg,Beach
data/raw/AID/Beach/beach_78.jpg,Beach
data/raw/AID/Beach/beach_44.jpg,Beach
data/raw/AID/Beach/beach_50.jpg,Beach
data/raw/AID/Beach/beach_87.jpg,Beach
data/raw/AID/Beach/beach_93.jpg,Beach
data/raw/AID/Beach/beach_154.jpg,Beach
data/raw/AID/Beach/beach_140.jpg,Beach
data/raw/AID/Beach/beach_168.jpg,Beach
data/raw/AID/Beach/beach_197.jpg,Beach
data/raw/AID/Beach/beach_183.jpg,Beach
data/raw/AID/Beach/beach_356.jpg,Beach
data/raw/AID/Beach/beach_342.jpg,Beach
data/raw/AID/Beach/beach_395.jpg,Beach
data/raw/AID/Beach/beach_381.jpg,Beach
data/raw/AID/Beach/beach_1.jpg,Beach
data/raw/AID/Beach/beach_380.jpg,Beach
data/raw/AID/Beach/beach_394.jpg,Beach
data/raw/AID/Beach/beach_343.jpg,Beach
data/raw/AID/Beach/beach_357.jpg,Beach
data/raw/AID/Beach/beach_182.jpg,Beach
data/raw/AID/Beach/beach_196.jpg,Beach
data/raw/AID/Beach/beach_169.jpg,Beach
data/raw/AID/Beach/beach_141.jpg,Beach
data/raw/AID/Beach/beach_155.jpg,Beach
data/raw/AID/Beach/beach_92.jpg,Beach
data/raw/AID/Beach/beach_86.jpg,Beach
data/raw/AID/Beach/beach_51.jpg,Beach
data/raw/AID/Beach/beach_45.jpg,Beach
data/raw/AID/Beach/beach_79.jpg,Beach
data/raw/AID/Beach/beach_237.jpg,Beach
data/raw/AID/Beach/beach_223.jpg,Beach
data/raw/AID/Beach/beach_235.jpg,Beach
data/raw/AID/Beach/beach_221.jpg,Beach
data/raw/AID/Beach/beach_209.jpg,Beach
data/raw/AID/Beach/beach_53.jpg,Beach
data/raw/AID/Beach/beach_47.jpg,Beach
data/raw/AID/Beach/beach_90.jpg,Beach
data/raw/AID/Beach/beach_84.jpg,Beach
data/raw/AID/Beach/beach_143.jpg,Beach
data/raw/AID/Beach/beach_157.jpg,Beach
data/raw/AID/Beach/beach_180.jpg,Beach
data/raw/AID/Beach/beach_194.jpg,Beach
data/raw/AID/Beach/beach_341.jpg,Beach
data/raw/AID/Beach/beach_355.jpg,Beach
data/raw/AID/Beach/beach_369.jpg,Beach
data/raw/AID/Beach/beach_382.jpg,Beach
data/raw/AID/Beach/beach_3.jpg,Beach
data/raw/AID/Beach/beach_396.jpg,Beach
data/raw/AID/Beach/beach_397.jpg,Beach
data/raw/AID/Beach/beach_383.jpg,Beach
data/raw/AID/Beach/beach_2.jpg,Beach
data/raw/AID/Beach/beach_368.jpg,Beach
data/raw/AID/Beach/beach_354.jpg,Beach
data/raw/AID/Beach/beach_340.jpg,Beach
data/raw/AID/Beach/beach_195.jpg,Beach
data/raw/AID/Beach/beach_181.jpg,Beach
data/raw/AID/Beach/beach_156.jpg,Beach
data/raw/AID/Beach/beach_142.jpg,Beach
data/raw/AID/Beach/beach_85.jpg,Beach
data/raw/AID/Beach/beach_91.jpg,Beach
data/raw/AID/Beach/beach_46.jpg,Beach
data/raw/AID/Beach/beach_52.jpg,Beach
data/raw/AID/Beach/beach_208.jpg,Beach
data/raw/AID/Beach/beach_220.jpg,Beach
data/raw/AID/Beach/beach_234.jpg,Beach
data/raw/AID/Beach/beach_218.jpg,Beach
data/raw/AID/Beach/beach_230.jpg,Beach
data/raw/AID/Beach/beach_224.jpg,Beach
data/raw/AID/Beach/beach_56.jpg,Beach
data/raw/AID/Beach/beach_42.jpg,Beach
data/raw/AID/Beach/beach_95.jpg,Beach
data/raw/AID/Beach/beach_81.jpg,Beach
data/raw/AID/Beach/beach_146.jpg,Beach
data/raw/AID/Beach/beach_152.jpg,Beach
data/raw/AID/Beach/beach_185.jpg,Beach
data/raw/AID/Beach/beach_191.jpg,Beach
data/raw/AID/Beach/beach_378.jpg,Beach
data/raw/AID/Beach/beach_344.jpg,Beach
data/raw/AID/Beach/beach_350.jpg,Beach
data/raw/AID/Beach/beach_6.jpg,Beach
data/raw/AID/Beach/beach_387.jpg,Beach
data/raw/AID/Beach/beach_393.jpg,Beach
data/raw/AID/Beach/beach_392.jpg,Beach
data/raw/AID/Beach/beach_7.jpg,Beach
data/raw/AID/Beach/beach_386.jpg,Beach
data/raw/AID/Beach/beach_351.jpg,Beach
data/raw/AID/Beach/beach_345.jpg,Beach
data/raw/AID/Beach/beach_379.jpg,Beach
data/raw/AID/Beach/beach_190.jpg,Beach
data/raw/AID/Beach/beach_184.jpg,Beach
data/raw/AID/Beach/beach_153.jpg,Beach
data/raw/AID/Beach/beach_147.jpg,Beach
data/raw/AID/Beach/beach_80.jpg,Beach
data/raw/AID/Beach/beach_94.jpg,Beach
data/raw/AID/Beach/beach_43.jpg,Beach
data/raw/AID/Beach/beach_57.jpg,Beach
data/raw/AID/Beach/beach_225.jpg,Beach
data/raw/AID/Beach/beach_231.jpg,Beach
data/raw/AID/Beach/beach_219.jpg,Beach
data/raw/AID/Beach/beach_227.jpg,Beach
data/raw/AID/Beach/beach_233.jpg,Beach
data/raw/AID/Beach/beach_41.jpg,Beach
data/raw/AID/Beach/beach_55.jpg,Beach
data/raw/AID/Beach/beach_69.jpg,Beach
data/raw/AID/Beach/beach_82.jpg,Beach
data/raw/AID/Beach/beach_96.jpg,Beach
data/raw/AID/Beach/beach_179.jpg,Beach
data/raw/AID/Beach/beach_151.jpg,Beach
data/raw/AID/Beach/beach_145.jpg,Beach
data/raw/AID/Beach/beach_192.jpg,Beach
data/raw/AID/Beach/beach_186.jpg,Beach
data/raw/AID/Beach/beach_353.jpg,Beach
data/raw/AID/Beach/beach_347.jpg,Beach
data/raw/AID/Beach/beach_390.jpg,Beach
data/raw/AID/Beach/beach_384.jpg,Beach
data/raw/AID/Beach/beach_5.jpg,Beach
data/raw/AID/Beach/beach_385.jpg,Beach
data/raw/AID/Beach/beach_4.jpg,Beach
data/raw/AID/Beach/beach_391.jpg,Beach
data/raw/AID/Beach/beach_346.jpg,Beach
data/raw/AID/Beach/beach_352.jpg,Beach
data/raw/AID/Beach/beach_187.jpg,Beach
data/raw/AID/Beach/beach_193.jpg,Beach
data/raw/AID/Beach/beach_144.jpg,Beach
data/raw/AID/Beach/beach_150.jpg,Beach
data/raw/AID/Beach/beach_178.jpg,Beach
data/raw/AID/Beach/beach_97.jpg,Beach
data/raw/AID/Beach/beach_83.jpg,Beach
data/raw/AID/Beach/beach_68.jpg,Beach
data/raw/AID/Beach/beach_54.jpg,Beach
data/raw/AID/Beach/beach_40.jpg,Beach
data/raw/AID/Beach/beach_232.jpg,Beach
data/raw/AID/Beach/beach_226.jpg,Beach
data/raw/AID/River/river_5.jpg,River
data/raw/AID/River/river_286.jpg,River
data/raw/AID/River/river_292.jpg,River
data/raw/AID/River/river_245.jpg,River
data/raw/AID/River/river_251.jpg,River
data/raw/AID/River/river_279.jpg,River
data/raw/AID/River/river_20.jpg,River
data/raw/AID/River/river_34.jpg,River
data/raw/AID/River/river_331.jpg,River
data/raw/AID/River/river_325.jpg,River
data/raw/AID/River/river_319.jpg,River
data/raw/AID/River/river_133.jpg,River
data/raw/AID/River/river_127.jpg,River
data/raw/AID/River/river_126.jpg,River
data/raw/AID/River/river_132.jpg,River
data/raw/AID/River/river_318.jpg,River
data/raw/AID/River/river_324.jpg,River
data/raw/AID/River/river_330.jpg,River
data/raw/AID/River/river_35.jpg,River
data/raw/AID/River/river_21.jpg,River
data/raw/AID/River/river_278.jpg,River
data/raw/AID/River/river_250.jpg,River
data/raw/AID/River/river_244.jpg,River
data/raw/AID/River/river_293.jpg,River
data/raw/AID/River/river_287.jpg,River
data/raw/AID/River/river_4.jpg,River
data/raw/AID/River/river_6.jpg,River
data/raw/AID/River/river_291.jpg,River
data/raw/AID/River/river_285.jpg,River
data/raw/AID/River/river_252.jpg,River
data/raw/AID/River/river_246.jpg,River
data/raw/AID/River/river_37.jpg,River
data/raw/AID/River/river_23.jpg,River
data/raw/AID/River/river_326.jpg,River
data/raw/AID/River/river_332.jpg,River
data/raw/AID/River/river_124.jpg,River
data/raw/AID/River/river_130.jpg,River
data/raw/AID/River/river_118.jpg,River
data/raw/AID/River/river_119.jpg,River
data/raw/AID/River/river_131.jpg,River
data/raw/AID/River/river_125.jpg,River
data/raw/AID/River/river_333.jpg,River
data/raw/AID/River/river_327.jpg,River
data/raw/AID/River/river_22.jpg,River
data/raw/AID/River/river_36.jpg,River
data/raw/AID/River/river_247.jpg,River
data/raw/AID/River/river_253.jpg,River
data/raw/AID/River/river_284.jpg,River
data/raw/AID/River/river_290.jpg,River
data/raw/AID/River/river_7.jpg,River
data/raw/AID/River/river_3.jpg,River
data/raw/AID/River/river_294.jpg,River
data/raw/AID/River/river_280.jpg,River
data/raw/AID/River/river_257.jpg,River
data/raw/AID/River/river_243.jpg,River
data/raw/AID/River/river_32.jpg,River
data/raw/AID/River/river_26.jpg,River
data/raw/AID/River/river_323.jpg,River
data/raw/AID/River/river_337.jpg,River
data/raw/AID/River/river_109.jpg,River
data/raw/AID/River/river_121.jpg,River
data/raw/AID/River/river_135.jpg,River
data/raw/AID/River/river_134.jpg,River
data/raw/AID/River/river_120.jpg,River
data/raw/AID/River/river_108.jpg,River
data/raw/AID/River/river_336.jpg,River
data/raw/AID/River/river_322.jpg,River
data/raw/AID/River/river_27.jpg,River
data/raw/AID/River/river_33.jpg,River
data/raw/AID/River/river_242.jpg,River
data/raw/AID/River/river_256.jpg,River
data/raw/AID/River/river_281.jpg,River
data/raw/AID/River/river_295.jpg,River
data/raw/AID/River/river_2.jpg,River
data/raw/AID/River/river_283.jpg,River
data/raw/AID/River/river_297.jpg,River
data/raw/AID/River/river_268.jpg,River
data/raw/AID/River/river_240.jpg,River
data/raw/AID/River/river_254.jpg,River
data/raw/AID/River/river_19.jpg,River
data/raw/AID/River/river_25.jpg,River
data/raw/AID/River/river_31.jpg,River
data/raw/AID/River/river_308.jpg,River
data/raw/AID/River/river_334.jpg,River
data/raw/AID/River/river_320.jpg,River
data/raw/AID/River/river_136.jpg,River
data/raw/AID/River/river_122.jpg,River
data/raw/AID/River/river_123.jpg,River
data/raw/AID/River/river_137.jpg,River
data/raw/AID/River/river_321.jpg,River
data/raw/AID/River/river_335.jpg,River
data/raw/AID/River/river_309.jpg,River
data/raw/AID/River/river_30.jpg,River
data/raw/AID/River/river_24.jpg,River
data/raw/AID/River/river_18.jpg,River
data/raw/AID/River/river_255.jpg,River
data/raw/AID/River/river_241.jpg,River
data/raw/AID/River/river_269.jpg,River
data/raw/AID/River/river_296.jpg,River
data/raw/AID/River/river_282.jpg,River
data/raw/AID/River/river_1.jpg,River
data/raw/AID/River/river_226.jpg,River
data/raw/AID/River/river_232.jpg,River
data/raw/AID/River/river_391.jpg,River
data/raw/AID/River/river_43.jpg,River
data/raw/AID/River/river_57.jpg,River
data/raw/AID/River/river_385.jpg,River
data/raw/AID/River/river_352.jpg,River
data/raw/AID/River/river_80.jpg,River
data/raw/AID/River/river_94.jpg,River
data/raw/AID/River/river_346.jpg,River
data/raw/AID/River/river_408.jpg,River
data/raw/AID/River/river_193.jpg,River
data/raw/AID/River/river_187.jpg,River
data/raw/AID/River/river_150.jpg,River
data/raw/AID/River/river_144.jpg,River
data/raw/AID/River/river_178.jpg,River
data/raw/AID/River/river_179.jpg,River
data/raw/AID/River/river_145.jpg,River
data/raw/AID/River/river_151.jpg,River
data/raw/AID/River/river_186.jpg,River
data/raw/AID/River/river_192.jpg,River
data/raw/AID/River/river_409.jpg,River
data/raw/AID/River/river_95.jpg,River
data/raw/AID/River/river_347.jpg,River
data/raw/AID/River/river_353.jpg,River
data/raw/AID/River/river_81.jpg,River
data/raw/AID/River/river_56.jpg,River
data/raw/AID/River/river_384.jpg,River
data/raw/AID/River/river_390.jpg,River
data/raw/AID/River/river_42.jpg,River
data/raw/AID/River/river_233.jpg,River
data/raw/AID/River/river_227.jpg,River
data/raw/AID/River/river_231.jpg,River
data/raw/AID/River/river_225.jpg,River
data/raw/AID/River/river_219.jpg,River
data/raw/AID/River/river_386.jpg,River
data/raw/AID/River/river_54.jpg,River
data/raw/AID/River/river_40.jpg,River
data/raw/AID/River/river_392.jpg,River
data/raw/AID/River/river_68.jpg,River
data/raw/AID/River/river_345.jpg,River
data/raw/AID/River/river_97.jpg,River
data/raw/AID/River/river_83.jpg,River
data/raw/AID/River/river_351.jpg,River
data/raw/AID/River/river_379.jpg,River
data/raw/AID/River/river_184.jpg,River
data/raw/AID/River/river_190.jpg,River
data/raw/AID/River/river_147.jpg,River
data/raw/AID/River/river_153.jpg,River
data/raw/AID/River/river_152.jpg,River
data/raw/AID/River/river_146.jpg,River
data/raw/AID/River/river_191.jpg,River
data/raw/AID/River/river_185.jpg,River
data/raw/AID/River/river_378.jpg,River
data/raw/AID/River/river_82.jpg,River
data/raw/AID/River/river_350.jpg,River
data/raw/AID/River/river_344.jpg,River
data/raw/AID/River/river_96.jpg,River
data/raw/AID/River/river_69.jpg,River
data/raw/AID/River/river_41.jpg,River
data/raw/AID/River/river_393.jpg,River
data/raw/AID/River/river_387.jpg,River
data/raw/AID/River/river_55.jpg,River
data/raw/AID/River/river_218.jpg,River
data/raw/AID/River/river_224.jpg,River
data/raw/AID/River/river_230.jpg,River
data/raw/AID/River/river_208.jpg,River
data/raw/AID/River/river_234.jpg,River
data/raw/AID/River/river_220.jpg,River
data/raw/AID/River/river_79.jpg,River
data/raw/AID/River/river_51.jpg,River
data/raw/AID/River/river_383.jpg,River
data/raw/AID/River/river_397.jpg,River
data/raw/AID/River/river_45.jpg,River
data/raw/AID/River/river_368.jpg,River
data/raw/AID/River/river_92.jpg,River
data/raw/AID/River/river_340.jpg,River
data/raw/AID/River/river_354.jpg,River
data/raw/AID/River/river_86.jpg,River
data/raw/AID/River/river_181.jpg,River
data/raw/AID/River/river_195.jpg,River
data/raw/AID/River/river_142.jpg,River
data/raw/AID/River/river_156.jpg,River
data/raw/AID/River/river_157.jpg,River
data/raw/AID/River/river_143.jpg,River
data/raw/AID/River/river_194.jpg,River
data/raw/AID/River/river_180.jpg,River
data/raw/AID/River/river_355.jpg,River
data/raw/AID/River/river_87.jpg,River
data/raw/AID/River/river_93.jpg,River
data/raw/AID/River/river_341.jpg,River
data/raw/AID/River/river_369.jpg,River
data/raw/AID/River/river_396.jpg,River
data/raw/AID/River/river_44.jpg,River
data/raw/AID/River/river_50.jpg,River
data/raw/AID/River/river_382.jpg,River
data/raw/AID/River/river_78.jpg,River
data/raw/AID/River/river_221.jpg,River
data/raw/AID/River/river_235.jpg,River
data/raw/AID/River/river_209.jpg,River
data/raw/AID/River/river_223.jpg,River
data/raw/AID/River/river_237.jpg,River
data/raw/AID/River/river_46.jpg,River
data/raw/AID/River/river_394.jpg,River
data/raw/AID/River/river_380.jpg,River
data/raw/AID/River/river_52.jpg,River
data/raw/AID/River/river_85.jpg,River
data/raw/AID/River/river_357.jpg,River
data/raw/AID/River/river_343.jpg,River
data/raw/AID/River/river_91.jpg,River
data/raw/AID/River/river_196.jpg,River
data/raw/AID/River/river_182.jpg,River
data/raw/AID/River/river_169.jpg,River
data/raw/AID/River/river_155.jpg,River
data/raw/AID/River/river_141.jpg,River
data/raw/AID/River/river_140.jpg,River
data/raw/AID/River/river_154.jpg,River
data/raw/AID/River/river_168.jpg,River
data/raw/AID/River/river_183.jpg,River
data/raw/AID/River/river_197.jpg,River
data/raw/AID/River/river_342.jpg,River
data/raw/AID/River/river_90.jpg,River
data/raw/AID/River/river_84.jpg,River
data/raw/AID/River/river_356.jpg,River
data/raw/AID/River/river_381.jpg,River
data/raw/AID/River/river_53.jpg,River
data/raw/AID/River/river_47.jpg,River
data/raw/AID/River/river_395.jpg,River
data/raw/AID/River/river_236.jpg,River
data/raw/AID/River/river_222.jpg,River
data/raw/AID/River/river_207.jpg,River
data/raw/AID/River/river_213.jpg,River
data/raw/AID/River/river_62.jpg,River
data/raw/AID/River/river_76.jpg,River
data/raw/AID/River/river_398.jpg,River
data/raw/AID/River/river_373.jpg,River
data/raw/AID/River/river_401.jpg,River
data/raw/AID/River/river_367.jpg,River
data/raw/AID/River/river_89.jpg,River
data/raw/AID/River/river_171.jpg,River
data/raw/AID/River/river_165.jpg,River
data/raw/AID/River/river_159.jpg,River
data/raw/AID/River/river_158.jpg,River
data/raw/AID/River/river_164.jpg,River
data/raw/AID/River/river_170.jpg,River
data/raw/AID/River/river_88.jpg,River
data/raw/AID/River/river_400.jpg,River
data/raw/AID/River/river_366.jpg,River
data/raw/AID/River/river_372.jpg,River
data/raw/AID/River/river_399.jpg,River
data/raw/AID/River/river_77.jpg,River
data/raw/AID/River/river_63.jpg,River
data/raw/AID/River/river_212.jpg,River
data/raw/AID/River/river_206.jpg,River
data/raw/AID/River/river_210.jpg,River
data/raw/AID/River/river_204.jpg,River
data/raw/AID/River/river_238.jpg,River
data/raw/AID/River/river_75.jpg,River
data/raw/AID/River/river_61.jpg,River
data/raw/AID/River/river_49.jpg,River
data/raw/AID/River/river_364.jpg,River
data/raw/AID/River/river_402.jpg,River
data/raw/AID/River/river_370.jpg,River
data/raw/AID/River/river_358.jpg,River
data/raw/AID/River/river_199.jpg,River
data/raw/AID/River/river_166.jpg,River
data/raw/AID/River/river_172.jpg,River
data/raw/AID/River/river_173.jpg,River
data/raw/AID/River/river_167.jpg,River
data/raw/AID/River/river_198.jpg,River
data/raw/AID/River/river_359.jpg,River
data/raw/AID/River/river_371.jpg,River
data/raw/AID/River/river_365.jpg,River
data/raw/AID/River/river_403.jpg,River
data/raw/AID/River/river_48.jpg,River
data/raw/AID/River/river_60.jpg,River
data/raw/AID/River/river_74.jpg,River
data/raw/AID/River/river_239.jpg,River
data/raw/AID/River/river_205.jpg,River
data/raw/AID/River/river_211.jpg,River
data/raw/AID/River/river_229.jpg,River
data/raw/AID/River/river_215.jpg,River
data/raw/AID/River/river_201.jpg,River
data/raw/AID/River/river_58.jpg,River
data/raw/AID/River/river_70.jpg,River
data/raw/AID/River/river_64.jpg,River
data/raw/AID/River/river_349.jpg,River
data/raw/AID/River/river_407.jpg,River
data/raw/AID/River/river_361.jpg,River
data/raw/AID/River/river_375.jpg,River
data/raw/AID/River/river_188.jpg,River
data/raw/AID/River/river_163.jpg,River
data/raw/AID/River/river_177.jpg,River
data/raw/AID/River/river_176.jpg,River
data/raw/AID/River/river_162.jpg,River
data/raw/AID/River/river_189.jpg,River
data/raw/AID/River/river_374.jpg,River
data/raw/AID/River/river_406.jpg,River
data/raw/AID/River/river_360.jpg,River
data/raw/AID/River/river_348.jpg,River
data/raw/AID/River/river_65.jpg,River
data/raw/AID/River/river_71.jpg,River
data/raw/AID/River/river_59.jpg,River
data/raw/AID/River/river_200.jpg,River
data/raw/AID/River/river_214.jpg,River
data/raw/AID/River/river_228.jpg,River
data/raw/AID/River/river_202.jpg,River
data/raw/AID/River/river_216.jpg,River
data/raw/AID/River/river_389.jpg,River
data/raw/AID/River/river_67.jpg,River
data/raw/AID/River/river_73.jpg,River
data/raw/AID/River/river_98.jpg,River
data/raw/AID/River/river_410.jpg,River
data/raw/AID/River/river_376.jpg,River
data/raw/AID/River/river_362.jpg,River
data/raw/AID/River/river_404.jpg,River
data/raw/AID/River/river_148.jpg,River
data/raw/AID/River/river_174.jpg,River
data/raw/AID/River/river_160.jpg,River
data/raw/AID/River/river_161.jpg,River
data/raw/AID/River/river_175.jpg,River
data/raw/AID/River/river_149.jpg,River
data/raw/AID/River/river_363.jpg,River
data/raw/AID/River/river_405.jpg,River
data/raw/AID/River/river_377.jpg,River
data/raw/AID/River/river_99.jpg,River
data/raw/AID/River/river_72.jpg,River
data/raw/AID/River/river_66.jpg,River
data/raw/AID/River/river_388.jpg,River
data/raw/AID/River/river_217.jpg,River
data/raw/AID/River/river_203.jpg,River
data/raw/AID/River/river_264.jpg,River
data/raw/AID/River/river_270.jpg,River
data/raw/AID/River/river_258.jpg,River
data/raw/AID/River/river_15.jpg,River
data/raw/AID/River/river_29.jpg,River
data/raw/AID/River/river_310.jpg,River
data/raw/AID/River/river_304.jpg,River
data/raw/AID/River/river_338.jpg,River
data/raw/AID/River/river_112.jpg,River
data/raw/AID/River/river_106.jpg,River
data/raw/AID/River/river_107.jpg,River
data/raw/AID/River/river_113.jpg,River
data/raw/AID/River/river_339.jpg,River
data/raw/AID/River/river_305.jpg,River
data/raw/AID/River/river_311.jpg,River
data/raw/AID/River/river_28.jpg,River
data/raw/AID/River/river_14.jpg,River
data/raw/AID/River/river_259.jpg,River
data/raw/AID/River/river_271.jpg,River
data/raw/AID/River/river_265.jpg,River
data/raw/AID/River/river_298.jpg,River
data/raw/AID/River/river_273.jpg,River
data/raw/AID/River/river_267.jpg,River
data/raw/AID/River/river_16.jpg,River
data/raw/AID/River/river_307.jpg,River
data/raw/AID/River/river_313.jpg,River
data/raw/AID/River/river_105.jpg,River
data/raw/AID/River/river_111.jpg,River
data/raw/AID/River/river_139.jpg,River
data/raw/AID/River/river_138.jpg,River
data/raw/AID/River/river_110.jpg,River
data/raw/AID/River/river_104.jpg,River
data/raw/AID/River/river_312.jpg,River
data/raw/AID/River/river_306.jpg,River
data/raw/AID/River/river_17.jpg,River
data/raw/AID/River/river_266.jpg,River
data/raw/AID/River/river_272.jpg,River
data/raw/AID/River/river_299.jpg,River
data/raw/AID/River/river_289.jpg,River
data/raw/AID/River/river_276.jpg,River
data/raw/AID/River/river_262.jpg,River
data/raw/AID/River/river_13.jpg,River
data/raw/AID/River/river_302.jpg,River
data/raw/AID/River/river_316.jpg,River
data/raw/AID/River/river_128.jpg,River
data/raw/AID/River/river_100.jpg,River
data/raw/AID/River/river_114.jpg,River
data/raw/AID/River/river_115.jpg,River
data/raw/AID/River/river_101.jpg,River
data/raw/AID/River/river_129.jpg,River
data/raw/AID/River/river_317.jpg,River
data/raw/AID/River/river_303.jpg,River
data/raw/AID/River/river_12.jpg,River
data/raw/AID/River/river_263.jpg,River
data/raw/AID/River/river_277.jpg,River
data/raw/AID/River/river_288.jpg,River
data/raw/AID/River/river_9.jpg,River
data/raw/AID/River/river_249.jpg,River
data/raw/AID/River/river_261.jpg,River
data/raw/AID/River/river_275.jpg,River
data/raw/AID/River/river_38.jpg,River
data/raw/AID/River/river_10.jpg,River
data/raw/AID/River/river_329.jpg,River
data/raw/AID/River/river_315.jpg,River
data/raw/AID/River/river_301.jpg,River
data/raw/AID/River/river_117.jpg,River
data/raw/AID/River/river_103.jpg,River
data/raw/AID/River/river_102.jpg,River
data/raw/AID/River/river_116.jpg,River
data/raw/AID/River/river_300.jpg,River
data/raw/AID/River/river_314.jpg,River
data/raw/AID/River/river_328.jpg,River
data/raw/AID/River/river_11.jpg,River
data/raw/AID/River/river_39.jpg,River
data/raw/AID/River/river_274.jpg,River
data/raw/AID/River/river_260.jpg,River
data/raw/AID/River/river_248.jpg,River
data/raw/AID/River/river_8.jpg,River
data/raw/AID/Mountain/mountain_277.jpg,Mountain
data/raw/AID/Mountain/mountain_263.jpg,Mountain
data/raw/AID/Mountain/mountain_98.jpg,Mountain
data/raw/AID/Mountain/mountain_3.jpg,Mountain
data/raw/AID/Mountain/mountain_67.jpg,Mountain
data/raw/AID/Mountain/mountain_73.jpg,Mountain
data/raw/AID/Mountain/mountain_288.jpg,Mountain
data/raw/AID/Mountain/mountain_303.jpg,Mountain
data/raw/AID/Mountain/mountain_317.jpg,Mountain
data/raw/AID/Mountain/mountain_101.jpg,Mountain
data/raw/AID/Mountain/mountain_115.jpg,Mountain
data/raw/AID/Mountain/mountain_129.jpg,Mountain
data/raw/AID/Mountain/mountain_128.jpg,Mountain
data/raw/AID/Mountain/mountain_114.jpg,Mountain
data/raw/AID/Mountain/mountain_100.jpg,Mountain
data/raw/AID/Mountain/mountain_316.jpg,Mountain
data/raw/AID/Mountain/mountain_302.jpg,Mountain
data/raw/AID/Mountain/mountain_289.jpg,Mountain
data/raw/AID/Mountain/mountain_72.jpg,Mountain
data/raw/AID/Mountain/mountain_66.jpg,Mountain
data/raw/AID/Mountain/mountain_2.jpg,Mountain
data/raw/AID/Mountain/mountain_99.jpg,Mountain
data/raw/AID/Mountain/mountain_262.jpg,Mountain
data/raw/AID/Mountain/mountain_276.jpg,Mountain
data/raw/AID/Mountain/mountain_260.jpg,Mountain
data/raw/AID/Mountain/mountain_274.jpg,Mountain
data/raw/AID/Mountain/mountain_248.jpg,Mountain
data/raw/AID/Mountain/mountain_70.jpg,Mountain
data/raw/AID/Mountain/mountain_64.jpg,Mountain
data/raw/AID/Mountain/mountain_58.jpg,Mountain
data/raw/AID/Mountain/mountain_314.jpg,Mountain
data/raw/AID/Mountain/mountain_300.jpg,Mountain
data/raw/AID/Mountain/mountain_328.jpg,Mountain
data/raw/AID/Mountain/mountain_116.jpg,Mountain
data/raw/AID/Mountain/mountain_102.jpg,Mountain
data/raw/AID/Mountain/mountain_103.jpg,Mountain
data/raw/AID/Mountain/mountain_117.jpg,Mountain
data/raw/AID/Mountain/mountain_329.jpg,Mountain
data/raw/AID/Mountain/mountain_301.jpg,Mountain
data/raw/AID/Mountain/mountain_315.jpg,Mountain
data/raw/AID/Mountain/mountain_59.jpg,Mountain
data/raw/AID/Mountain/mountain_65.jpg,Mountain
data/raw/AID/Mountain/mountain_71.jpg,Mountain
data/raw/AID/Mountain/mountain_1.jpg,Mountain
data/raw/AID/Mountain/mountain_249.jpg,Mountain
data/raw/AID/Mountain/mountain_275.jpg,Mountain
data/raw/AID/Mountain/mountain_261.jpg,Mountain
data/raw/AID/Mountain/mountain_259.jpg,Mountain
data/raw/AID/Mountain/mountain_5.jpg,Mountain
data/raw/AID/Mountain/mountain_265.jpg,Mountain
data/raw/AID/Mountain/mountain_271.jpg,Mountain
data/raw/AID/Mountain/mountain_49.jpg,Mountain
data/raw/AID/Mountain/mountain_75.jpg,Mountain
data/raw/AID/Mountain/mountain_61.jpg,Mountain
data/raw/AID/Mountain/mountain_339.jpg,Mountain
data/raw/AID/Mountain/mountain_311.jpg,Mountain
data/raw/AID/Mountain/mountain_305.jpg,Mountain
data/raw/AID/Mountain/mountain_113.jpg,Mountain
data/raw/AID/Mountain/mountain_107.jpg,Mountain
data/raw/AID/Mountain/mountain_106.jpg,Mountain
data/raw/AID/Mountain/mountain_112.jpg,Mountain
data/raw/AID/Mountain/mountain_304.jpg,Mountain
data/raw/AID/Mountain/mountain_310.jpg,Mountain
data/raw/AID/Mountain/mountain_338.jpg,Mountain
data/raw/AID/Mountain/mountain_60.jpg,Mountain
data/raw/AID/Mountain/mountain_74.jpg,Mountain
data/raw/AID/Mountain/mountain_48.jpg,Mountain
data/raw/AID/Mountain/mountain_270.jpg,Mountain
data/raw/AID/Mountain/mountain_264.jpg,Mountain
data/raw/AID/Mountain/mountain_4.jpg,Mountain
data/raw/AID/Mountain/mountain_258.jpg,Mountain
data/raw/AID/Mountain/mountain_6.jpg,Mountain
data/raw/AID/Mountain/mountain_89.jpg,Mountain
data/raw/AID/Mountain/mountain_272.jpg,Mountain
data/raw/AID/Mountain/mountain_266.jpg,Mountain
data/raw/AID/Mountain/mountain_299.jpg,Mountain
data/raw/AID/Mountain/mountain_62.jpg,Mountain
data/raw/AID/Mountain/mountain_76.jpg,Mountain
data/raw/AID/Mountain/mountain_306.jpg,Mountain
data/raw/AID/Mountain/mountain_312.jpg,Mountain
data/raw/AID/Mountain/mountain_138.jpg,Mountain
data/raw/AID/Mountain/mountain_104.jpg,Mountain
data/raw/AID/Mountain/mountain_110.jpg,Mountain
data/raw/AID/Mountain/mountain_111.jpg,Mountain
data/raw/AID/Mountain/mountain_105.jpg,Mountain
data/raw/AID/Mountain/mountain_139.jpg,Mountain
data/raw/AID/Mountain/mountain_313.jpg,Mountain
data/raw/AID/Mountain/mountain_307.jpg,Mountain
data/raw/AID/Mountain/mountain_77.jpg,Mountain
data/raw/AID/Mountain/mountain_63.jpg,Mountain
data/raw/AID/Mountain/mountain_298.jpg,Mountain
data/raw/AID/Mountain/mountain_267.jpg,Mountain
data/raw/AID/Mountain/mountain_273.jpg,Mountain
data/raw/AID/Mountain/mountain_88.jpg,Mountain
data/raw/AID/Mountain/mountain_7.jpg,Mountain
data/raw/AID/Mountain/mountain_214.jpg,Mountain
data/raw/AID/Mountain/mountain_200.jpg,Mountain
data/raw/AID/Mountain/mountain_228.jpg,Mountain
data/raw/AID/Mountain/mountain_10.jpg,Mountain
data/raw/AID/Mountain/mountain_38.jpg,Mountain
data/raw/AID/Mountain/mountain_162.jpg,Mountain
data/raw/AID/Mountain/mountain_176.jpg,Mountain
data/raw/AID/Mountain/mountain_189.jpg,Mountain
data/raw/AID/Mountain/mountain_188.jpg,Mountain
data/raw/AID/Mountain/mountain_177.jpg,Mountain
data/raw/AID/Mountain/mountain_163.jpg,Mountain
data/raw/AID/Mountain/mountain_39.jpg,Mountain
data/raw/AID/Mountain/mountain_11.jpg,Mountain
data/raw/AID/Mountain/mountain_229.jpg,Mountain
data/raw/AID/Mountain/mountain_201.jpg,Mountain
data/raw/AID/Mountain/mountain_215.jpg,Mountain
data/raw/AID/Mountain/mountain_203.jpg,Mountain
data/raw/AID/Mountain/mountain_217.jpg,Mountain
data/raw/AID/Mountain/mountain_13.jpg,Mountain
data/raw/AID/Mountain/mountain_175.jpg,Mountain
data/raw/AID/Mountain/mountain_161.jpg,Mountain
data/raw/AID/Mountain/mountain_149.jpg,Mountain
data/raw/AID/Mountain/mountain_148.jpg,Mountain
data/raw/AID/Mountain/mountain_160.jpg,Mountain
data/raw/AID/Mountain/mountain_174.jpg,Mountain
data/raw/AID/Mountain/mountain_12.jpg,Mountain
data/raw/AID/Mountain/mountain_216.jpg,Mountain
data/raw/AID/Mountain/mountain_202.jpg,Mountain
data/raw/AID/Mountain/mountain_206.jpg,Mountain
data/raw/AID/Mountain/mountain_212.jpg,Mountain
data/raw/AID/Mountain/mountain_16.jpg,Mountain
data/raw/AID/Mountain/mountain_158.jpg,Mountain
data/raw/AID/Mountain/mountain_170.jpg,Mountain
data/raw/AID/Mountain/mountain_164.jpg,Mountain
data/raw/AID/Mountain/mountain_165.jpg,Mountain
data/raw/AID/Mountain/mountain_171.jpg,Mountain
data/raw/AID/Mountain/mountain_159.jpg,Mountain
data/raw/AID/Mountain/mountain_17.jpg,Mountain
data/raw/AID/Mountain/mountain_213.jpg,Mountain
data/raw/AID/Mountain/mountain_207.jpg,Mountain
data/raw/AID/Mountain/mountain_239.jpg,Mountain
data/raw/AID/Mountain/mountain_211.jpg,Mountain
data/raw/AID/Mountain/mountain_205.jpg,Mountain
data/raw/AID/Mountain/mountain_29.jpg,Mountain
data/raw/AID/Mountain/mountain_15.jpg,Mountain
data/raw/AID/Mountain/mountain_167.jpg,Mountain
data/raw/AID/Mountain/mountain_173.jpg,Mountain
data/raw/AID/Mountain/mountain_198.jpg,Mountain
data/raw/AID/Mountain/mountain_199.jpg,Mountain
data/raw/AID/Mountain/mountain_172.jpg,Mountain
data/raw/AID/Mountain/mountain_166.jpg,Mountain
data/raw/AID/Mountain/mountain_14.jpg,Mountain
data/raw/AID/Mountain/mountain_28.jpg,Mountain
data/raw/AID/Mountain/mountain_204.jpg,Mountain
data/raw/AID/Mountain/mountain_210.jpg,Mountain
data/raw/AID/Mountain/mountain_238.jpg,Mountain
data/raw/AID/Mountain/mountain_235.jpg,Mountain
data/raw/AID/Mountain/mountain_221.jpg,Mountain
data/raw/AID/Mountain/mountain_209.jpg,Mountain
data/raw/AID/Mountain/mountain_25.jpg,Mountain
data/raw/AID/Mountain/mountain_31.jpg,Mountain
data/raw/AID/Mountain/mountain_19.jpg,Mountain
data/raw/AID/Mountain/mountain_143.jpg,Mountain
data/raw/AID/Mountain/mountain_157.jpg,Mountain
data/raw/AID/Mountain/mountain_180.jpg,Mountain
data/raw/AID/Mountain/mountain_194.jpg,Mountain
data/raw/AID/Mountain/mountain_195.jpg,Mountain
data/raw/AID/Mountain/mountain_181.jpg,Mountain
data/raw/AID/Mountain/mountain_156.jpg,Mountain
data/raw/AID/Mountain/mountain_142.jpg,Mountain
data/raw/AID/Mountain/mountain_340.jpg,Mountain
data/raw/AID/Mountain/mountain_18.jpg,Mountain
data/raw/AID/Mountain/mountain_30.jpg,Mountain
data/raw/AID/Mountain/mountain_24.jpg,Mountain
data/raw/AID/Mountain/mountain_208.jpg,Mountain
data/raw/AID/Mountain/mountain_220.jpg,Mountain
data/raw/AID/Mountain/mountain_234.jpg,Mountain
data/raw/AID/Mountain/mountain_222.jpg,Mountain
data/raw/AID/Mountain/mountain_236.jpg,Mountain
data/raw/AID/Mountain/mountain_32.jpg,Mountain
data/raw/AID/Mountain/mountain_26.jpg,Mountain
data/raw/AID/Mountain/mountain_154.jpg,Mountain
data/raw/AID/Mountain/mountain_140.jpg,Mountain
data/raw/AID/Mountain/mountain_168.jpg,Mountain
data/raw/AID/Mountain/mountain_197.jpg,Mountain
data/raw/AID/Mountain/mountain_183.jpg,Mountain
data/raw/AID/Mountain/mountain_182.jpg,Mountain
data/raw/AID/Mountain/mountain_196.jpg,Mountain
data/raw/AID/Mountain/mountain_169.jpg,Mountain
data/raw/AID/Mountain/mountain_141.jpg,Mountain
data/raw/AID/Mountain/mountain_155.jpg,Mountain
data/raw/AID/Mountain/mountain_27.jpg,Mountain
data/raw/AID/Mountain/mountain_33.jpg,Mountain
data/raw/AID/Mountain/mountain_237.jpg,Mountain
data/raw/AID/Mountain/mountain_223.jpg,Mountain
data/raw/AID/Mountain/mountain_227.jpg,Mountain
data/raw/AID/Mountain/mountain_233.jpg,Mountain
data/raw/AID/Mountain/mountain_37.jpg,Mountain
data/raw/AID/Mountain/mountain_23.jpg,Mountain
data/raw/AID/Mountain/mountain_179.jpg,Mountain
data/raw/AID/Mountain/mountain_151.jpg,Mountain
data/raw/AID/Mountain/mountain_145.jpg,Mountain
data/raw/AID/Mountain/mountain_192.jpg,Mountain
data/raw/AID/Mountain/mountain_186.jpg,Mountain
data/raw/AID/Mountain/mountain_187.jpg,Mountain
data/raw/AID/Mountain/mountain_193.jpg,Mountain
data/raw/AID/Mountain/mountain_144.jpg,Mountain
data/raw/AID/Mountain/mountain_150.jpg,Mountain
data/raw/AID/Mountain/mountain_178.jpg,Mountain
data/raw/AID/Mountain/mountain_22.jpg,Mountain
data/raw/AID/Mountain/mountain_36.jpg,Mountain
data/raw/AID/Mountain/mountain_232.jpg,Mountain
data/raw/AID/Mountain/mountain_226.jpg,Mountain
data/raw/AID/Mountain/mountain_218.jpg,Mountain
data/raw/AID/Mountain/mountain_230.jpg,Mountain
data/raw/AID/Mountain/mountain_224.jpg,Mountain
data/raw/AID/Mountain/mountain_20.jpg,Mountain
data/raw/AID/Mountain/mountain_34.jpg,Mountain
data/raw/AID/Mountain/mountain_146.jpg,Mountain
data/raw/AID/Mountain/mountain_152.jpg,Mountain
data/raw/AID/Mountain/mountain_185.jpg,Mountain
data/raw/AID/Mountain/mountain_191.jpg,Mountain
data/raw/AID/Mountain/mountain_190.jpg,Mountain
data/raw/AID/Mountain/mountain_184.jpg,Mountain
data/raw/AID/Mountain/mountain_153.jpg,Mountain
data/raw/AID/Mountain/mountain_147.jpg,Mountain
data/raw/AID/Mountain/mountain_35.jpg,Mountain
data/raw/AID/Mountain/mountain_21.jpg,Mountain
data/raw/AID/Mountain/mountain_225.jpg,Mountain
data/raw/AID/Mountain/mountain_231.jpg,Mountain
data/raw/AID/Mountain/mountain_219.jpg,Mountain
data/raw/AID/Mountain/mountain_256.jpg,Mountain
data/raw/AID/Mountain/mountain_85.jpg,Mountain
data/raw/AID/Mountain/mountain_91.jpg,Mountain
data/raw/AID/Mountain/mountain_242.jpg,Mountain
data/raw/AID/Mountain/mountain_295.jpg,Mountain
data/raw/AID/Mountain/mountain_46.jpg,Mountain
data/raw/AID/Mountain/mountain_52.jpg,Mountain
data/raw/AID/Mountain/mountain_281.jpg,Mountain
data/raw/AID/Mountain/mountain_322.jpg,Mountain
data/raw/AID/Mountain/mountain_336.jpg,Mountain
data/raw/AID/Mountain/mountain_120.jpg,Mountain
data/raw/AID/Mountain/mountain_134.jpg,Mountain
data/raw/AID/Mountain/mountain_108.jpg,Mountain
data/raw/AID/Mountain/mountain_109.jpg,Mountain
data/raw/AID/Mountain/mountain_135.jpg,Mountain
data/raw/AID/Mountain/mountain_121.jpg,Mountain
data/raw/AID/Mountain/mountain_337.jpg,Mountain
data/raw/AID/Mountain/mountain_323.jpg,Mountain
data/raw/AID/Mountain/mountain_53.jpg,Mountain
data/raw/AID/Mountain/mountain_280.jpg,Mountain
data/raw/AID/Mountain/mountain_294.jpg,Mountain
data/raw/AID/Mountain/mountain_47.jpg,Mountain
data/raw/AID/Mountain/mountain_90.jpg,Mountain
data/raw/AID/Mountain/mountain_243.jpg,Mountain
data/raw/AID/Mountain/mountain_257.jpg,Mountain
data/raw/AID/Mountain/mountain_84.jpg,Mountain
data/raw/AID/Mountain/mountain_241.jpg,Mountain
data/raw/AID/Mountain/mountain_9.jpg,Mountain
data/raw/AID/Mountain/mountain_92.jpg,Mountain
data/raw/AID/Mountain/mountain_86.jpg,Mountain
data/raw/AID/Mountain/mountain_255.jpg,Mountain
data/raw/AID/Mountain/mountain_269.jpg,Mountain
data/raw/AID/Mountain/mountain_282.jpg,Mountain
data/raw/AID/Mountain/mountain_51.jpg,Mountain
data/raw/AID/Mountain/mountain_45.jpg,Mountain
data/raw/AID/Mountain/mountain_296.jpg,Mountain
data/raw/AID/Mountain/mountain_79.jpg,Mountain
data/raw/AID/Mountain/mountain_335.jpg,Mountain
data/raw/AID/Mountain/mountain_321.jpg,Mountain
data/raw/AID/Mountain/mountain_309.jpg,Mountain
data/raw/AID/Mountain/mountain_137.jpg,Mountain
data/raw/AID/Mountain/mountain_123.jpg,Mountain
data/raw/AID/Mountain/mountain_122.jpg,Mountain
data/raw/AID/Mountain/mountain_136.jpg,Mountain
data/raw/AID/Mountain/mountain_308.jpg,Mountain
data/raw/AID/Mountain/mountain_320.jpg,Mountain
data/raw/AID/Mountain/mountain_334.jpg,Mountain
data/raw/AID/Mountain/mountain_78.jpg,Mountain
data/raw/AID/Mountain/mountain_44.jpg,Mountain
data/raw/AID/Mountain/mountain_297.jpg,Mountain
data/raw/AID/Mountain/mountain_283.jpg,Mountain
data/raw/AID/Mountain/mountain_50.jpg,Mountain
data/raw/AID/Mountain/mountain_268.jpg,Mountain
data/raw/AID/Mountain/mountain_87.jpg,Mountain
data/raw/AID/Mountain/mountain_254.jpg,Mountain
data/raw/AID/Mountain/mountain_240.jpg,Mountain
data/raw/AID/Mountain/mountain_93.jpg,Mountain
data/raw/AID/Mountain/mountain_8.jpg,Mountain
data/raw/AID/Mountain/mountain_278.jpg,Mountain
data/raw/AID/Mountain/mountain_97.jpg,Mountain
data/raw/AID/Mountain/mountain_244.jpg,Mountain
data/raw/AID/Mountain/mountain_250.jpg,Mountain
data/raw/AID/Mountain/mountain_83.jpg,Mountain
data/raw/AID/Mountain/mountain_68.jpg,Mountain
data/raw/AID/Mountain/mountain_54.jpg,Mountain
data/raw/AID/Mountain/mountain_287.jpg,Mountain
data/raw/AID/Mountain/mountain_293.jpg,Mountain
data/raw/AID/Mountain/mountain_40.jpg,Mountain
data/raw/AID/Mountain/mountain_318.jpg,Mountain
data/raw/AID/Mountain/mountain_330.jpg,Mountain
data/raw/AID/Mountain/mountain_324.jpg,Mountain
data/raw/AID/Mountain/mountain_132.jpg,Mountain
data/raw/AID/Mountain/mountain_126.jpg,Mountain
data/raw/AID/Mountain/mountain_127.jpg,Mountain
data/raw/AID/Mountain/mountain_133.jpg,Mountain
data/raw/AID/Mountain/mountain_325.jpg,Mountain
data/raw/AID/Mountain/mountain_331.jpg,Mountain
data/raw/AID/Mountain/mountain_319.jpg,Mountain
data/raw/AID/Mountain/mountain_292.jpg,Mountain
data/raw/AID/Mountain/mountain_41.jpg,Mountain
data/raw/AID/Mountain/mountain_55.jpg,Mountain
data/raw/AID/Mountain/mountain_286.jpg,Mountain
data/raw/AID/Mountain/mountain_69.jpg,Mountain
data/raw/AID/Mountain/mountain_251.jpg,Mountain
data/raw/AID/Mountain/mountain_82.jpg,Mountain
data/raw/AID/Mountain/mountain_96.jpg,Mountain
data/raw/AID/Mountain/mountain_245.jpg,Mountain
data/raw/AID/Mountain/mountain_279.jpg,Mountain
data/raw/AID/Mountain/mountain_80.jpg,Mountain
data/raw/AID/Mountain/mountain_253.jpg,Mountain
data/raw/AID/Mountain/mountain_247.jpg,Mountain
data/raw/AID/Mountain/mountain_94.jpg,Mountain
data/raw/AID/Mountain/mountain_43.jpg,Mountain
data/raw/AID/Mountain/mountain_290.jpg,Mountain
data/raw/AID/Mountain/mountain_284.jpg,Mountain
data/raw/AID/Mountain/mountain_57.jpg,Mountain
data/raw/AID/Mountain/mountain_327.jpg,Mountain
data/raw/AID/Mountain/mountain_333.jpg,Mountain
data/raw/AID/Mountain/mountain_119.jpg,Mountain
data/raw/AID/Mountain/mountain_125.jpg,Mountain
data/raw/AID/Mountain/mountain_131.jpg,Mountain
data/raw/AID/Mountain/mountain_130.jpg,Mountain
data/raw/AID/Mountain/mountain_124.jpg,Mountain
data/raw/AID/Mountain/mountain_118.jpg,Mountain
data/raw/AID/Mountain/mountain_332.jpg,Mountain
data/raw/AID/Mountain/mountain_326.jpg,Mountain
data/raw/AID/Mountain/mountain_285.jpg,Mountain
data/raw/AID/Mountain/mountain_56.jpg,Mountain
data/raw/AID/Mountain/mountain_42.jpg,Mountain
data/raw/AID/Mountain/mountain_291.jpg,Mountain
data/raw/AID/Mountain/mountain_246.jpg,Mountain
data/raw/AID/Mountain/mountain_95.jpg,Mountain
data/raw/AID/Mountain/mountain_81.jpg,Mountain
data/raw/AID/Mountain/mountain_252.jpg,Mountain
data/raw/AID/DenseResidential/denseresidential_122.jpg,DenseResidential
data/raw/AID/DenseResidential/denseresidential_136.jpg,DenseResidential
data/raw/AID/DenseResidential/denseresidential_308.jpg,DenseResidential
data/raw/AID/DenseResidential/denseresidential_320.jpg,DenseResidential
data/raw/AID/DenseResidential/denseresidential_334.jpg,DenseResidential
data/raw/AID/DenseResidential/denseresidential_93.jpg,DenseResidential
data/raw/AID/DenseResidential/denseresidential_87.jpg,DenseResidential
data/raw/AID/DenseResidential/denseresidential_297.jpg,DenseResidential
data/raw/AID/DenseResidential/denseresidential_283.jpg,DenseResidential
data/raw/AID/DenseResidential/denseresidential_268.jpg,DenseResidential
data/raw/AID/DenseResidential/denseresidential_50.jpg,DenseResidential
data/raw/AID/DenseResidential/denseresidential_44.jpg,DenseResidential
data/raw/AID/DenseResidential/denseresidential_254.jpg,DenseResidential
data/raw/AID/DenseResidential/denseresidential_78.jpg,DenseResidential
data/raw/AID/DenseResidential/denseresidential_240.jpg,DenseResidential
data/raw/AID/DenseResidential/denseresidential_79.jpg,DenseResidential
data/raw/AID/DenseResidential/denseresidential_241.jpg,DenseResidential
data/raw/AID/DenseResidential/denseresidential_255.jpg,DenseResidential
data/raw/AID/DenseResidential/denseresidential_45.jpg,DenseResidential
data/raw/AID/DenseResidential/denseresidential_269.jpg,DenseResidential
data/raw/AID/DenseResidential/denseresidential_51.jpg,DenseResidential
data/raw/AID/DenseResidential/denseresidential_282.jpg,DenseResidential
data/raw/AID/DenseResidential/denseresidential_296.jpg,DenseResidential
data/raw/AID/DenseResidential/denseresidential_86.jpg,DenseResidential
data/raw/AID/DenseResidential/denseresidential_92.jpg,DenseResidential
data/raw/AID/DenseResidential/denseresidential_335.jpg,DenseResidential
data/raw/AID/DenseResidential/denseresidential_321.jpg,DenseResidential
data/raw/AID/DenseResidential/denseresidential_309.jpg,DenseResidential
data/raw/AID/DenseResidential/denseresidential_137.jpg,DenseResidential
data/raw/AID/DenseResidential/denseresidential_123.jpg,DenseResidential
data/raw/AID/DenseResidential/denseresidential_109.jpg,DenseResidential
data/raw/AID/DenseResidential/denseresidential_135.jpg,DenseResidential
data/raw/AID/DenseResidential/denseresidential_121.jpg,DenseResidential
data/raw/AID/DenseResidential/denseresidential_337.jpg,DenseResidential
data/raw/AID/DenseResidential/denseresidential_323.jpg,DenseResidential
data/raw/AID/DenseResidential/denseresidential_84.jpg,DenseResidential
data/raw/AID/DenseResidential/denseresidential_90.jpg,DenseResidential
data/raw/AID/DenseResidential/denseresidential_280.jpg,DenseResidential
data/raw/AID/DenseResidential/denseresidential_294.jpg,DenseResidential
data/raw/AID/DenseResidential/denseresidential_47.jpg,DenseResidential
data/raw/AID/DenseResidential/denseresidential_53.jpg,DenseResidential
data/raw/AID/DenseResidential/denseresidential_243.jpg,DenseResidential
data/raw/AID/DenseResidential/denseresidential_257.jpg,DenseResidential
data/raw/AID/DenseResidential/denseresidential_256.jpg,DenseResidential
data/raw/AID/DenseResidential/denseresidential_242.jpg,DenseResidential
data/raw/AID/DenseResidential/denseresidential_52.jpg,DenseResidential
data/raw/AID/DenseResidential/denseresidential_46.jpg,DenseResidential
data/raw/AID/DenseResidential/denseresidential_295.jpg,DenseResidential
data/raw/AID/DenseResidential/denseresidential_281.jpg,DenseResidential
data/raw/AID/DenseResidential/denseresidential_91.jpg,DenseResidential
data/raw/AID/DenseResidential/denseresidential_85.jpg,DenseResidential
data/raw/AID/DenseResidential/denseresidential_322.jpg,DenseResidential
data/raw/AID/DenseResidential/denseresidential_336.jpg,DenseResidential
data/raw/AID/DenseResidential/denseresidential_120.jpg,DenseResidential
data/raw/AID/DenseResidential/denseresidential_134.jpg,DenseResidential
data/raw/AID/DenseResidential/denseresidential_108.jpg,DenseResidential
data/raw/AID/DenseResidential/denseresidential_130.jpg,DenseResidential
data/raw/AID/DenseResidential/denseresidential_124.jpg,DenseResidential
data/raw/AID/DenseResidential/denseresidential_118.jpg,DenseResidential
data/raw/AID/DenseResidential/denseresidential_332.jpg,DenseResidential
data/raw/AID/DenseResidential/denseresidential_326.jpg,DenseResidential
data/raw/AID/DenseResidential/denseresidential_285.jpg,DenseResidential
data/raw/AID/DenseResidential/denseresidential_291.jpg,DenseResidential
data/raw/AID/DenseResidential/denseresidential_81.jpg,DenseResidential
data/raw/AID/DenseResidential/denseresidential_95.jpg,DenseResidential
data/raw/AID/DenseResidential/denseresidential_246.jpg,DenseResidential
data/raw/AID/DenseResidential/denseresidential_252.jpg,DenseResidential
data/raw/AID/DenseResidential/denseresidential_42.jpg,DenseResidential
data/raw/AID/DenseResidential/denseresidential_56.jpg,DenseResidential
data/raw/AID/DenseResidential/denseresidential_57.jpg,DenseResidential
data/raw/AID/DenseResidential/denseresidential_43.jpg,DenseResidential
data/raw/AID/DenseResidential/denseresidential_253.jpg,DenseResidential
data/raw/AID/DenseResidential/denseresidential_247.jpg,DenseResidential
data/raw/AID/DenseResidential/denseresidential_94.jpg,DenseResidential
data/raw/AID/DenseResidential/denseresidential_80.jpg,DenseResidential
data/raw/AID/DenseResidential/denseresidential_290.jpg,DenseResidential
data/raw/AID/DenseResidential/denseresidential_284.jpg,DenseResidential
data/raw/AID/DenseResidential/denseresidential_327.jpg,DenseResidential
data/raw/AID/DenseResidential/denseresidential_333.jpg,DenseResidential
data/raw/AID/DenseResidential/denseresidential_119.jpg,DenseResidential
data/raw/AID/DenseResidential/denseresidential_125.jpg,DenseResidential
data/raw/AID/DenseResidential/denseresidential_131.jpg,DenseResidential
data/raw/AID/DenseResidential/denseresidential_127.jpg,DenseResidential
data/raw/AID/DenseResidential/denseresidential_133.jpg,DenseResidential
data/raw/AID/DenseResidential/denseresidential_325.jpg,DenseResidential
data/raw/AID/DenseResidential/denseresidential_331.jpg,DenseResidential
data/raw/AID/DenseResidential/denseresidential_319.jpg,DenseResidential
data/raw/AID/DenseResidential/denseresidential_292.jpg,DenseResidential
data/raw/AID/DenseResidential/denseresidential_286.jpg,DenseResidential
data/raw/AID/DenseResidential/denseresidential_96.jpg,DenseResidential
data/raw/AID/DenseResidential/denseresidential_82.jpg,DenseResidential
data/raw/AID/DenseResidential/denseresidential_69.jpg,DenseResidential
data/raw/AID/DenseResidential/denseresidential_251.jpg,DenseResidential
data/raw/AID/DenseResidential/denseresidential_245.jpg,DenseResidential
data/raw/AID/DenseResidential/denseresidential_55.jpg,DenseResidential
data/raw/AID/DenseResidential/denseresidential_279.jpg,DenseResidential
data/raw/AID/DenseResidential/denseresidential_41.jpg,DenseResidential
data/raw/AID/DenseResidential/denseresidential_278.jpg,DenseResidential
data/raw/AID/DenseResidential/denseresidential_40.jpg,DenseResidential
data/raw/AID/DenseResidential/denseresidential_54.jpg,DenseResidential
data/raw/AID/DenseResidential/denseresidential_244.jpg,DenseResidential
data/raw/AID/DenseResidential/denseresidential_68.jpg,DenseResidential
data/raw/AID/DenseResidential/denseresidential_250.jpg,DenseResidential
data/raw/AID/DenseResidential/denseresidential_83.jpg,DenseResidential
data/raw/AID/DenseResidential/denseresidential_97.jpg,DenseResidential
data/raw/AID/DenseResidential/denseresidential_287.jpg,DenseResidential
data/raw/AID/DenseResidential/denseresidential_293.jpg,DenseResidential
data/raw/AID/DenseResidential/denseresidential_318.jpg,DenseResidential
data/raw/AID/DenseResidential/denseresidential_330.jpg,DenseResidential
data/raw/AID/DenseResidential/denseresidential_324.jpg,DenseResidential
data/raw/AID/DenseResidential/denseresidential_132.jpg,DenseResidential
data/raw/AID/DenseResidential/denseresidential_126.jpg,DenseResidential
data/raw/AID/DenseResidential/denseresidential_182.jpg,DenseResidential
data/raw/AID/DenseResidential/denseresidential_196.jpg,DenseResidential
data/raw/AID/DenseResidential/denseresidential_169.jpg,DenseResidential
data/raw/AID/DenseResidential/denseresidential_141.jpg,DenseResidential
data/raw/AID/DenseResidential/denseresidential_155.jpg,DenseResidential
data/raw/AID/DenseResidential/denseresidential_380.jpg,DenseResidential
data/raw/AID/DenseResidential/denseresidential_394.jpg,DenseResidential
data/raw/AID/DenseResidential/denseresidential_343.jpg,DenseResidential
data/raw/AID/DenseResidential/denseresidential_357.jpg,DenseResidential
data/raw/AID/DenseResidential/denseresidential_33.jpg,DenseResidential
data/raw/AID/DenseResidential/denseresidential_27.jpg,DenseResidential
data/raw/AID/DenseResidential/denseresidential_237.jpg,DenseResidential
data/raw/AID/DenseResidential/denseresidential_223.jpg,DenseResidential
data/raw/AID/DenseResidential/denseresidential_222.jpg,DenseResidential
data/raw/AID/DenseResidential/denseresidential_236.jpg,DenseResidential
data/raw/AID/DenseResidential/denseresidential_26.jpg,DenseResidential
data/raw/AID/DenseResidential/denseresidential_32.jpg,DenseResidential
data/raw/AID/DenseResidential/denseresidential_356.jpg,DenseResidential
data/raw/AID/DenseResidential/denseresidential_1.jpg,DenseResidential
data/raw/AID/DenseResidential/denseresidential_342.jpg,DenseResidential
data/raw/AID/DenseResidential/denseresidential_395.jpg,DenseResidential
data/raw/AID/DenseResidential/denseresidential_381.jpg,DenseResidential
data/raw/AID/DenseResidential/denseresidential_154.jpg,DenseResidential
data/raw/AID/DenseResidential/denseresidential_140.jpg,DenseResidential
data/raw/AID/DenseResidential/denseresidential_168.jpg,DenseResidential
data/raw/AID/DenseResidential/denseresidential_197.jpg,DenseResidential
data/raw/AID/DenseResidential/denseresidential_183.jpg,DenseResidential
data/raw/AID/DenseResidential/denseresidential_195.jpg,DenseResidential
data/raw/AID/DenseResidential/denseresidential_181.jpg,DenseResidential
data/raw/AID/DenseResidential/denseresidential_156.jpg,DenseResidential
data/raw/AID/DenseResidential/denseresidential_142.jpg,DenseResidential
data/raw/AID/DenseResidential/denseresidential_397.jpg,DenseResidential
data/raw/AID/DenseResidential/denseresidential_383.jpg,DenseResidential
data/raw/AID/DenseResidential/denseresidential_368.jpg,DenseResidential
data/raw/AID/DenseResidential/denseresidential_354.jpg,DenseResidential
data/raw/AID/DenseResidential/denseresidential_340.jpg,DenseResidential
data/raw/AID/DenseResidential/denseresidential_3.jpg,DenseResidential
data/raw/AID/DenseResidential/denseresidential_24.jpg,DenseResidential
data/raw/AID/DenseResidential/denseresidential_208.jpg,DenseResidential
data/raw/AID/DenseResidential/denseresidential_30.jpg,DenseResidential
data/raw/AID/DenseResidential/denseresidential_18.jpg,DenseResidential
data/raw/AID/DenseResidential/denseresidential_220.jpg,DenseResidential
data/raw/AID/DenseResidential/denseresidential_234.jpg,DenseResidential
data/raw/AID/DenseResidential/denseresidential_235.jpg,DenseResidential
data/raw/AID/DenseResidential/denseresidential_19.jpg,DenseResidential
data/raw/AID/DenseResidential/denseresidential_221.jpg,DenseResidential
data/raw/AID/DenseResidential/denseresidential_209.jpg,DenseResidential
data/raw/AID/DenseResidential/denseresidential_31.jpg,DenseResidential
data/raw/AID/DenseResidential/denseresidential_25.jpg,DenseResidential
data/raw/AID/DenseResidential/denseresidential_341.jpg,DenseResidential
data/raw/AID/DenseResidential/denseresidential_2.jpg,DenseResidential
data/raw/AID/DenseResidential/denseresidential_355.jpg,DenseResidential
data/raw/AID/DenseResidential/denseresidential_369.jpg,DenseResidential
data/raw/AID/DenseResidential/denseresidential_382.jpg,DenseResidential
data/raw/AID/DenseResidential/denseresidential_396.jpg,DenseResidential
data/raw/AID/DenseResidential/denseresidential_143.jpg,DenseResidential
data/raw/AID/DenseResidential/denseresidential_157.jpg,DenseResidential
data/raw/AID/DenseResidential/denseresidential_180.jpg,DenseResidential
data/raw/AID/DenseResidential/denseresidential_194.jpg,DenseResidential
data/raw/AID/DenseResidential/denseresidential_190.jpg,DenseResidential
data/raw/AID/DenseResidential/denseresidential_184.jpg,DenseResidential
data/raw/AID/DenseResidential/denseresidential_153.jpg,DenseResidential
data/raw/AID/DenseResidential/denseresidential_147.jpg,DenseResidential
data/raw/AID/DenseResidential/denseresidential_392.jpg,DenseResidential
data/raw/AID/DenseResidential/denseresidential_386.jpg,DenseResidential
data/raw/AID/DenseResidential/denseresidential_351.jpg,DenseResidential
data/raw/AID/DenseResidential/denseresidential_6.jpg,DenseResidential
data/raw/AID/DenseResidential/denseresidential_345.jpg,DenseResidential
data/raw/AID/DenseResidential/denseresidential_379.jpg,DenseResidential
data/raw/AID/DenseResidential/denseresidential_225.jpg,DenseResidential
data/raw/AID/DenseResidential/denseresidential_231.jpg,DenseResidential
data/raw/AID/DenseResidential/denseresidential_219.jpg,DenseResidential
data/raw/AID/DenseResidential/denseresidential_21.jpg,DenseResidential
data/raw/AID/DenseResidential/denseresidential_35.jpg,DenseResidential
data/raw/AID/DenseResidential/denseresidential_34.jpg,DenseResidential
data/raw/AID/DenseResidential/denseresidential_218.jpg,DenseResidential
data/raw/AID/DenseResidential/denseresidential_20.jpg,DenseResidential
data/raw/AID/DenseResidential/denseresidential_230.jpg,DenseResidential
data/raw/AID/DenseResidential/denseresidential_224.jpg,DenseResidential
data/raw/AID/DenseResidential/denseresidential_378.jpg,DenseResidential
data/raw/AID/DenseResidential/denseresidential_7.jpg,DenseResidential
data/raw/AID/DenseResidential/denseresidential_344.jpg,DenseResidential
data/raw/AID/DenseResidential/denseresidential_350.jpg,DenseResidential
data/raw/AID/DenseResidential/denseresidential_387.jpg,DenseResidential
data/raw/AID/DenseResidential/denseresidential_393.jpg,DenseResidential
data/raw/AID/DenseResidential/denseresidential_146.jpg,DenseResidential
data/raw/AID/DenseResidential/denseresidential_152.jpg,DenseResidential
data/raw/AID/DenseResidential/denseresidential_185.jpg,DenseResidential
data/raw/AID/DenseResidential/denseresidential_191.jpg,DenseResidential
data/raw/AID/DenseResidential/denseresidential_187.jpg,DenseResidential
data/raw/AID/DenseResidential/denseresidential_193.jpg,DenseResidential
data/raw/AID/DenseResidential/denseresidential_144.jpg,DenseResidential
data/raw/AID/DenseResidential/denseresidential_150.jpg,DenseResidential
data/raw/AID/DenseResidential/denseresidential_178.jpg,DenseResidential
data/raw/AID/DenseResidential/denseresidential_385.jpg,DenseResidential
data/raw/AID/DenseResidential/denseresidential_391.jpg,DenseResidential
data/raw/AID/DenseResidential/denseresidential_346.jpg,DenseResidential
data/raw/AID/DenseResidential/denseresidential_5.jpg,DenseResidential
data/raw/AID/DenseResidential/denseresidential_352.jpg,DenseResidential
data/raw/AID/DenseResidential/denseresidential_408.jpg,DenseResidential
data/raw/AID/DenseResidential/denseresidential_232.jpg,DenseResidential
data/raw/AID/DenseResidential/denseresidential_226.jpg,DenseResidential
data/raw/AID/DenseResidential/denseresidential_36.jpg,DenseResidential
data/raw/AID/DenseResidential/denseresidential_22.jpg,DenseResidential
data/raw/AID/DenseResidential/denseresidential_23.jpg,DenseResidential
data/raw/AID/DenseResidential/denseresidential_37.jpg,DenseResidential
data/raw/AID/DenseResidential/denseresidential_227.jpg,DenseResidential
data/raw/AID/DenseResidential/denseresidential_233.jpg,DenseResidential
data/raw/AID/DenseResidential/denseresidential_409.jpg,DenseResidential
data/raw/AID/DenseResidential/denseresidential_353.jpg,DenseResidential
data/raw/AID/DenseResidential/denseresidential_347.jpg,DenseResidential
data/raw/AID/DenseResidential/denseresidential_4.jpg,DenseResidential
data/raw/AID/DenseResidential/denseresidential_390.jpg,DenseResidential
data/raw/AID/DenseResidential/denseresidential_384.jpg,DenseResidential
data/raw/AID/DenseResidential/denseresidential_179.jpg,DenseResidential
data/raw/AID/DenseResidential/denseresidential_151.jpg,DenseResidential
data/raw/AID/DenseResidential/denseresidential_145.jpg,DenseResidential
data/raw/AID/DenseResidential/denseresidential_192.jpg,DenseResidential
data/raw/AID/DenseResidential/denseresidential_186.jpg,DenseResidential
data/raw/AID/DenseResidential/denseresidential_148.jpg,DenseResidential
data/raw/AID/DenseResidential/denseresidential_160.jpg,DenseResidential
data/raw/AID/DenseResidential/denseresidential_174.jpg,DenseResidential
data/raw/AID/DenseResidential/denseresidential_389.jpg,DenseResidential
data/raw/AID/DenseResidential/denseresidential_9.jpg,DenseResidential
data/raw/AID/DenseResidential/denseresidential_404.jpg,DenseResidential
data/raw/AID/DenseResidential/denseresidential_362.jpg,DenseResidential
data/raw/AID/DenseResidential/denseresidential_376.jpg,DenseResidential
data/raw/AID/DenseResidential/denseresidential_410.jpg,DenseResidential
data/raw/AID/DenseResidential/denseresidential_12.jpg,DenseResidential
data/raw/AID/DenseResidential/denseresidential_216.jpg,DenseResidential
data/raw/AID/DenseResidential/denseresidential_202.jpg,DenseResidential
data/raw/AID/DenseResidential/denseresidential_203.jpg,DenseResidential
data/raw/AID/DenseResidential/denseresidential_217.jpg,DenseResidential
data/raw/AID/DenseResidential/denseresidential_13.jpg,DenseResidential
data/raw/AID/DenseResidential/denseresidential_377.jpg,DenseResidential
data/raw/AID/DenseResidential/denseresidential_405.jpg,DenseResidential
data/raw/AID/DenseResidential/denseresidential_363.jpg,DenseResidential
data/raw/AID/DenseResidential/denseresidential_8.jpg,DenseResidential
data/raw/AID/DenseResidential/denseresidential_388.jpg,DenseResidential
data/raw/AID/DenseResidential/denseresidential_175.jpg,DenseResidential
data/raw/AID/DenseResidential/denseresidential_161.jpg,DenseResidential
data/raw/AID/DenseResidential/denseresidential_149.jpg,DenseResidential
data/raw/AID/DenseResidential/denseresidential_188.jpg,DenseResidential
data/raw/AID/DenseResidential/denseresidential_177.jpg,DenseResidential
data/raw/AID/DenseResidential/denseresidential_163.jpg,DenseResidential
data/raw/AID/DenseResidential/denseresidential_349.jpg,DenseResidential
data/raw/AID/DenseResidential/denseresidential_375.jpg,DenseResidential
data/raw/AID/DenseResidential/denseresidential_361.jpg,DenseResidential
data/raw/AID/DenseResidential/denseresidential_407.jpg,DenseResidential
data/raw/AID/DenseResidential/denseresidential_229.jpg,DenseResidential
data/raw/AID/DenseResidential/denseresidential_11.jpg,DenseResidential
data/raw/AID/DenseResidential/denseresidential_39.jpg,DenseResidential
data/raw/AID/DenseResidential/denseresidential_201.jpg,DenseResidential
data/raw/AID/DenseResidential/denseresidential_215.jpg,DenseResidential
data/raw/AID/DenseResidential/denseresidential_214.jpg,DenseResidential
data/raw/AID/DenseResidential/denseresidential_38.jpg,DenseResidential
data/raw/AID/DenseResidential/denseresidential_200.jpg,DenseResidential
data/raw/AID/DenseResidential/denseresidential_228.jpg,DenseResidential
data/raw/AID/DenseResidential/denseresidential_10.jpg,DenseResidential
data/raw/AID/DenseResidential/denseresidential_360.jpg,DenseResidential
data/raw/AID/DenseResidential/denseresidential_406.jpg,DenseResidential
data/raw/AID/DenseResidential/denseresidential_374.jpg,DenseResidential
data/raw/AID/DenseResidential/denseresidential_348.jpg,DenseResidential
data/raw/AID/DenseResidential/denseresidential_162.jpg,DenseResidential
data/raw/AID/DenseResidential/denseresidential_176.jpg,DenseResidential
data/raw/AID/DenseResidential/denseresidential_189.jpg,DenseResidential
data/raw/AID/DenseResidential/denseresidential_199.jpg,DenseResidential
data/raw/AID/DenseResidential/denseresidential_172.jpg,DenseResidential
data/raw/AID/DenseResidential/denseresidential_166.jpg,DenseResidential
data/raw/AID/DenseResidential/denseresidential_370.jpg,DenseResidential
data/raw/AID/DenseResidential/denseresidential_402.jpg,DenseResidential
data/raw/AID/DenseResidential/denseresidential_364.jpg,DenseResidential
data/raw/AID/DenseResidential/denseresidential_358.jpg,DenseResidential
data/raw/AID/DenseResidential/denseresidential_204.jpg,DenseResidential
data/raw/AID/DenseResidential/denseresidential_28.jpg,DenseResidential
data/raw/AID/DenseResidential/denseresidential_210.jpg,DenseResidential
data/raw/AID/DenseResidential/denseresidential_238.jpg,DenseResidential
data/raw/AID/DenseResidential/denseresidential_14.jpg,DenseResidential
data/raw/AID/DenseResidential/denseresidential_15.jpg,DenseResidential
data/raw/AID/DenseResidential/denseresidential_239.jpg,DenseResidential
data/raw/AID/DenseResidential/denseresidential_29.jpg,DenseResidential
data/raw/AID/DenseResidential/denseresidential_211.jpg,DenseResidential
data/raw/AID/DenseResidential/denseresidential_205.jpg,DenseResidential
data/raw/AID/DenseResidential/denseresidential_359.jpg,DenseResidential
data/raw/AID/DenseResidential/denseresidential_403.jpg,DenseResidential
data/raw/AID/DenseResidential/denseresidential_365.jpg,DenseResidential
data/raw/AID/DenseResidential/denseresidential_371.jpg,DenseResidential
data/raw/AID/DenseResidential/denseresidential_167.jpg,DenseResidential
data/raw/AID/DenseResidential/denseresidential_173.jpg,DenseResidential
data/raw/AID/DenseResidential/denseresidential_198.jpg,DenseResidential
data/raw/AID/DenseResidential/denseresidential_165.jpg,DenseResidential
data/raw/AID/DenseResidential/denseresidential_171.jpg,DenseResidential
data/raw/AID/DenseResidential/denseresidential_159.jpg,DenseResidential
data/raw/AID/DenseResidential/denseresidential_398.jpg,DenseResidential
data/raw/AID/DenseResidential/denseresidential_367.jpg,DenseResidential
data/raw/AID/DenseResidential/denseresidential_401.jpg,DenseResidential
data/raw/AID/DenseResidential/denseresidential_373.jpg,DenseResidential
data/raw/AID/DenseResidential/denseresidential_213.jpg,DenseResidential
data/raw/AID/DenseResidential/denseresidential_207.jpg,DenseResidential
data/raw/AID/DenseResidential/denseresidential_17.jpg,DenseResidential
data/raw/AID/DenseResidential/denseresidential_16.jpg,DenseResidential
data/raw/AID/DenseResidential/denseresidential_206.jpg,DenseResidential
data/raw/AID/DenseResidential/denseresidential_212.jpg,DenseResidential
data/raw/AID/DenseResidential/denseresidential_372.jpg,DenseResidential
data/raw/AID/DenseResidential/denseresidential_366.jpg,DenseResidential
data/raw/AID/DenseResidential/denseresidential_400.jpg,DenseResidential
data/raw/AID/DenseResidential/denseresidential_399.jpg,DenseResidential
data/raw/AID/DenseResidential/denseresidential_158.jpg,DenseResidential
data/raw/AID/DenseResidential/denseresidential_170.jpg,DenseResidential
data/raw/AID/DenseResidential/denseresidential_164.jpg,DenseResidential
data/raw/AID/DenseResidential/denseresidential_103.jpg,DenseResidential
data/raw/AID/DenseResidential/denseresidential_117.jpg,DenseResidential
data/raw/AID/DenseResidential/denseresidential_329.jpg,DenseResidential
data/raw/AID/DenseResidential/denseresidential_301.jpg,DenseResidential
data/raw/AID/DenseResidential/denseresidential_315.jpg,DenseResidential
data/raw/AID/DenseResidential/denseresidential_249.jpg,DenseResidential
data/raw/AID/DenseResidential/denseresidential_71.jpg,DenseResidential
data/raw/AID/DenseResidential/denseresidential_65.jpg,DenseResidential
data/raw/AID/DenseResidential/denseresidential_275.jpg,DenseResidential
data/raw/AID/DenseResidential/denseresidential_59.jpg,DenseResidential
data/raw/AID/DenseResidential/denseresidential_261.jpg,DenseResidential
data/raw/AID/DenseResidential/denseresidential_58.jpg,DenseResidential
data/raw/AID/DenseResidential/denseresidential_260.jpg,DenseResidential
data/raw/AID/DenseResidential/denseresidential_274.jpg,DenseResidential
data/raw/AID/DenseResidential/denseresidential_64.jpg,DenseResidential
data/raw/AID/DenseResidential/denseresidential_248.jpg,DenseResidential
data/raw/AID/DenseResidential/denseresidential_70.jpg,DenseResidential
data/raw/AID/DenseResidential/denseresidential_314.jpg,DenseResidential
data/raw/AID/DenseResidential/denseresidential_300.jpg,DenseResidential
data/raw/AID/DenseResidential/denseresidential_328.jpg,DenseResidential
data/raw/AID/DenseResidential/denseresidential_116.jpg,DenseResidential
data/raw/AID/DenseResidential/denseresidential_102.jpg,DenseResidential
data/raw/AID/DenseResidential/denseresidential_128.jpg,DenseResidential
data/raw/AID/DenseResidential/denseresidential_114.jpg,DenseResidential
data/raw/AID/DenseResidential/denseresidential_100.jpg,DenseResidential
data/raw/AID/DenseResidential/denseresidential_316.jpg,DenseResidential
data/raw/AID/DenseResidential/denseresidential_302.jpg,DenseResidential
data/raw/AID/DenseResidential/denseresidential_289.jpg,DenseResidential
data/raw/AID/DenseResidential/denseresidential_99.jpg,DenseResidential
data/raw/AID/DenseResidential/denseresidential_66.jpg,DenseResidential
data/raw/AID/DenseResidential/denseresidential_72.jpg,DenseResidential
data/raw/AID/DenseResidential/denseresidential_262.jpg,DenseResidential
data/raw/AID/DenseResidential/denseresidential_276.jpg,DenseResidential
data/raw/AID/DenseResidential/denseresidential_277.jpg,DenseResidential
data/raw/AID/DenseResidential/denseresidential_263.jpg,DenseResidential
data/raw/AID/DenseResidential/denseresidential_73.jpg,DenseResidential
data/raw/AID/DenseResidential/denseresidential_67.jpg,DenseResidential
data/raw/AID/DenseResidential/denseresidential_98.jpg,DenseResidential
data/raw/AID/DenseResidential/denseresidential_288.jpg,DenseResidential
data/raw/AID/DenseResidential/denseresidential_303.jpg,DenseResidential
data/raw/AID/DenseResidential/denseresidential_317.jpg,DenseResidential
data/raw/AID/DenseResidential/denseresidential_101.jpg,DenseResidential
data/raw/AID/DenseResidential/denseresidential_115.jpg,DenseResidential
data/raw/AID/DenseResidential/denseresidential_129.jpg,DenseResidential
data/raw/AID/DenseResidential/denseresidential_111.jpg,DenseResidential
data/raw/AID/DenseResidential/denseresidential_105.jpg,DenseResidential
data/raw/AID/DenseResidential/denseresidential_139.jpg,DenseResidential
data/raw/AID/DenseResidential/denseresidential_313.jpg,DenseResidential
data/raw/AID/DenseResidential/denseresidential_307.jpg,DenseResidential
data/raw/AID/DenseResidential/denseresidential_88.jpg,DenseResidential
data/raw/AID/DenseResidential/denseresidential_298.jpg,DenseResidential
data/raw/AID/DenseResidential/denseresidential_267.jpg,DenseResidential
data/raw/AID/DenseResidential/denseresidential_273.jpg,DenseResidential
data/raw/AID/DenseResidential/denseresidential_63.jpg,DenseResidential
data/raw/AID/DenseResidential/denseresidential_77.jpg,DenseResidential
data/raw/AID/DenseResidential/denseresidential_76.jpg,DenseResidential
data/raw/AID/DenseResidential/denseresidential_62.jpg,DenseResidential
data/raw/AID/DenseResidential/denseresidential_272.jpg,DenseResidential
data/raw/AID/DenseResidential/denseresidential_266.jpg,DenseResidential
data/raw/AID/DenseResidential/denseresidential_299.jpg,DenseResidential
data/raw/AID/DenseResidential/denseresidential_89.jpg,DenseResidential
data/raw/AID/DenseResidential/denseresidential_306.jpg,DenseResidential
data/raw/AID/DenseResidential/denseresidential_312.jpg,DenseResidential
data/raw/AID/DenseResidential/denseresidential_138.jpg,DenseResidential
data/raw/AID/DenseResidential/denseresidential_104.jpg,DenseResidential
data/raw/AID/DenseResidential/denseresidential_110.jpg,DenseResidential
data/raw/AID/DenseResidential/denseresidential_106.jpg,DenseResidential
data/raw/AID/DenseResidential/denseresidential_112.jpg,DenseResidential
data/raw/AID/DenseResidential/denseresidential_304.jpg,DenseResidential
data/raw/AID/DenseResidential/denseresidential_310.jpg,DenseResidential
data/raw/AID/DenseResidential/denseresidential_338.jpg,DenseResidential
data/raw/AID/DenseResidential/denseresidential_48.jpg,DenseResidential
data/raw/AID/DenseResidential/denseresidential_270.jpg,DenseResidential
data/raw/AID/DenseResidential/denseresidential_264.jpg,DenseResidential
data/raw/AID/DenseResidential/denseresidential_74.jpg,DenseResidential
data/raw/AID/DenseResidential/denseresidential_258.jpg,DenseResidential
data/raw/AID/DenseResidential/denseresidential_60.jpg,DenseResidential
data/raw/AID/DenseResidential/denseresidential_259.jpg,DenseResidential
data/raw/AID/DenseResidential/denseresidential_61.jpg,DenseResidential
data/raw/AID/DenseResidential/denseresidential_75.jpg,DenseResidential
data/raw/AID/DenseResidential/denseresidential_265.jpg,DenseResidential
data/raw/AID/DenseResidential/denseresidential_49.jpg,DenseResidential
data/raw/AID/DenseResidential/denseresidential_271.jpg,DenseResidential
data/raw/AID/DenseResidential/denseresidential_339.jpg,DenseResidential
data/raw/AID/DenseResidential/denseresidential_311.jpg,DenseResidential
data/raw/AID/DenseResidential/denseresidential_305.jpg,DenseResidential
data/raw/AID/DenseResidential/denseresidential_113.jpg,DenseResidential
data/raw/AID/DenseResidential/denseresidential_107.jpg,DenseResidential
data/raw/AID/Industrial/industrial_299.jpg,Industrial
data/raw/AID/Industrial/industrial_272.jpg,Industrial
data/raw/AID/Industrial/industrial_266.jpg,Industrial
data/raw/AID/Industrial/industrial_22.jpg,Industrial
data/raw/AID/Industrial/industrial_36.jpg,Industrial
data/raw/AID/Industrial/industrial_306.jpg,Industrial
data/raw/AID/Industrial/industrial_312.jpg,Industrial
data/raw/AID/Industrial/industrial_138.jpg,Industrial
data/raw/AID/Industrial/industrial_104.jpg,Industrial
data/raw/AID/Industrial/industrial_110.jpg,Industrial
data/raw/AID/Industrial/industrial_111.jpg,Industrial
data/raw/AID/Industrial/industrial_105.jpg,Industrial
data/raw/AID/Industrial/industrial_139.jpg,Industrial
data/raw/AID/Industrial/industrial_313.jpg,Industrial
data/raw/AID/Industrial/industrial_307.jpg,Industrial
data/raw/AID/Industrial/industrial_37.jpg,Industrial
data/raw/AID/Industrial/industrial_23.jpg,Industrial
data/raw/AID/Industrial/industrial_267.jpg,Industrial
data/raw/AID/Industrial/industrial_273.jpg,Industrial
data/raw/AID/Industrial/industrial_298.jpg,Industrial
data/raw/AID/Industrial/industrial_259.jpg,Industrial
data/raw/AID/Industrial/industrial_265.jpg,Industrial
data/raw/AID/Industrial/industrial_271.jpg,Industrial
data/raw/AID/Industrial/industrial_35.jpg,Industrial
data/raw/AID/Industrial/industrial_21.jpg,Industrial
data/raw/AID/Industrial/industrial_339.jpg,Industrial
data/raw/AID/Industrial/industrial_311.jpg,Industrial
data/raw/AID/Industrial/industrial_305.jpg,Industrial
data/raw/AID/Industrial/industrial_113.jpg,Industrial
data/raw/AID/Industrial/industrial_107.jpg,Industrial
data/raw/AID/Industrial/industrial_106.jpg,Industrial
data/raw/AID/Industrial/industrial_112.jpg,Industrial
data/raw/AID/Industrial/industrial_304.jpg,Industrial
data/raw/AID/Industrial/industrial_310.jpg,Industrial
data/raw/AID/Industrial/industrial_338.jpg,Industrial
data/raw/AID/Industrial/industrial_20.jpg,Industrial
data/raw/AID/Industrial/industrial_34.jpg,Industrial
data/raw/AID/Industrial/industrial_270.jpg,Industrial
data/raw/AID/Industrial/industrial_264.jpg,Industrial
data/raw/AID/Industrial/industrial_258.jpg,Industrial
data/raw/AID/Industrial/industrial_260.jpg,Industrial
data/raw/AID/Industrial/industrial_274.jpg,Industrial
data/raw/AID/Industrial/industrial_248.jpg,Industrial
data/raw/AID/Industrial/industrial_30.jpg,Industrial
data/raw/AID/Industrial/industrial_24.jpg,Industrial
data/raw/AID/Industrial/industrial_18.jpg,Industrial
data/raw/AID/Industrial/industrial_314.jpg,Industrial
data/raw/AID/Industrial/industrial_300.jpg,Industrial
data/raw/AID/Industrial/industrial_328.jpg,Industrial
data/raw/AID/Industrial/industrial_116.jpg,Industrial
data/raw/AID/Industrial/industrial_102.jpg,Industrial
data/raw/AID/Industrial/industrial_103.jpg,Industrial
data/raw/AID/Industrial/industrial_117.jpg,Industrial
data/raw/AID/Industrial/industrial_329.jpg,Industrial
data/raw/AID/Industrial/industrial_301.jpg,Industrial
data/raw/AID/Industrial/industrial_315.jpg,Industrial
data/raw/AID/Industrial/industrial_19.jpg,Industrial
data/raw/AID/Industrial/industrial_25.jpg,Industrial
data/raw/AID/Industrial/industrial_31.jpg,Industrial
data/raw/AID/Industrial/industrial_249.jpg,Industrial
data/raw/AID/Industrial/industrial_275.jpg,Industrial
data/raw/AID/Industrial/industrial_261.jpg,Industrial
data/raw/AID/Industrial/industrial_288.jpg,Industrial
data/raw/AID/Industrial/industrial_277.jpg,Industrial
data/raw/AID/Industrial/industrial_263.jpg,Industrial
data/raw/AID/Industrial/industrial_27.jpg,Industrial
data/raw/AID/Industrial/industrial_33.jpg,Industrial
data/raw/AID/Industrial/industrial_303.jpg,Industrial
data/raw/AID/Industrial/industrial_317.jpg,Industrial
data/raw/AID/Industrial/industrial_101.jpg,Industrial
data/raw/AID/Industrial/industrial_115.jpg,Industrial
data/raw/AID/Industrial/industrial_129.jpg,Industrial
data/raw/AID/Industrial/industrial_128.jpg,Industrial
data/raw/AID/Industrial/industrial_114.jpg,Industrial
data/raw/AID/Industrial/industrial_100.jpg,Industrial
data/raw/AID/Industrial/industrial_316.jpg,Industrial
data/raw/AID/Industrial/industrial_302.jpg,Industrial
data/raw/AID/Industrial/industrial_32.jpg,Industrial
data/raw/AID/Industrial/industrial_26.jpg,Industrial
data/raw/AID/Industrial/industrial_262.jpg,Industrial
data/raw/AID/Industrial/industrial_276.jpg,Industrial
data/raw/AID/Industrial/industrial_289.jpg,Industrial
data/raw/AID/Industrial/industrial_239.jpg,Industrial
data/raw/AID/Industrial/industrial_211.jpg,Industrial
data/raw/AID/Industrial/industrial_205.jpg,Industrial
data/raw/AID/Industrial/industrial_69.jpg,Industrial
data/raw/AID/Industrial/industrial_5.jpg,Industrial
data/raw/AID/Industrial/industrial_41.jpg,Industrial
data/raw/AID/Industrial/industrial_55.jpg,Industrial
data/raw/AID/Industrial/industrial_359.jpg,Industrial
data/raw/AID/Industrial/industrial_365.jpg,Industrial
data/raw/AID/Industrial/industrial_82.jpg,Industrial
data/raw/AID/Industrial/industrial_96.jpg,Industrial
data/raw/AID/Industrial/industrial_371.jpg,Industrial
data/raw/AID/Industrial/industrial_198.jpg,Industrial
data/raw/AID/Industrial/industrial_167.jpg,Industrial
data/raw/AID/Industrial/industrial_173.jpg,Industrial
data/raw/AID/Industrial/industrial_172.jpg,Industrial
data/raw/AID/Industrial/industrial_166.jpg,Industrial
data/raw/AID/Industrial/industrial_199.jpg,Industrial
data/raw/AID/Industrial/industrial_370.jpg,Industrial
data/raw/AID/Industrial/industrial_97.jpg,Industrial
data/raw/AID/Industrial/industrial_83.jpg,Industrial
data/raw/AID/Industrial/industrial_364.jpg,Industrial
data/raw/AID/Industrial/industrial_358.jpg,Industrial
data/raw/AID/Industrial/industrial_54.jpg,Industrial
data/raw/AID/Industrial/industrial_40.jpg,Industrial
data/raw/AID/Industrial/industrial_4.jpg,Industrial
data/raw/AID/Industrial/industrial_68.jpg,Industrial
data/raw/AID/Industrial/industrial_204.jpg,Industrial
data/raw/AID/Industrial/industrial_210.jpg,Industrial
data/raw/AID/Industrial/industrial_238.jpg,Industrial
data/raw/AID/Industrial/industrial_206.jpg,Industrial
data/raw/AID/Industrial/industrial_212.jpg,Industrial
data/raw/AID/Industrial/industrial_6.jpg,Industrial
data/raw/AID/Industrial/industrial_56.jpg,Industrial
data/raw/AID/Industrial/industrial_42.jpg,Industrial
data/raw/AID/Industrial/industrial_95.jpg,Industrial
data/raw/AID/Industrial/industrial_372.jpg,Industrial
data/raw/AID/Industrial/industrial_366.jpg,Industrial
data/raw/AID/Industrial/industrial_81.jpg,Industrial
data/raw/AID/Industrial/industrial_158.jpg,Industrial
data/raw/AID/Industrial/industrial_170.jpg,Industrial
data/raw/AID/Industrial/industrial_164.jpg,Industrial
data/raw/AID/Industrial/industrial_165.jpg,Industrial
data/raw/AID/Industrial/industrial_171.jpg,Industrial
data/raw/AID/Industrial/industrial_159.jpg,Industrial
data/raw/AID/Industrial/industrial_80.jpg,Industrial
data/raw/AID/Industrial/industrial_367.jpg,Industrial
data/raw/AID/Industrial/industrial_373.jpg,Industrial
data/raw/AID/Industrial/industrial_94.jpg,Industrial
data/raw/AID/Industrial/industrial_43.jpg,Industrial
data/raw/AID/Industrial/industrial_57.jpg,Industrial
data/raw/AID/Industrial/industrial_7.jpg,Industrial
data/raw/AID/Industrial/industrial_213.jpg,Industrial
data/raw/AID/Industrial/industrial_207.jpg,Industrial
data/raw/AID/Industrial/industrial_203.jpg,Industrial
data/raw/AID/Industrial/industrial_217.jpg,Industrial
data/raw/AID/Industrial/industrial_53.jpg,Industrial
data/raw/AID/Industrial/industrial_47.jpg,Industrial
data/raw/AID/Industrial/industrial_388.jpg,Industrial
data/raw/AID/Industrial/industrial_3.jpg,Industrial
data/raw/AID/Industrial/industrial_90.jpg,Industrial
data/raw/AID/Industrial/industrial_377.jpg,Industrial
data/raw/AID/Industrial/industrial_363.jpg,Industrial
data/raw/AID/Industrial/industrial_84.jpg,Industrial
data/raw/AID/Industrial/industrial_175.jpg,Industrial
data/raw/AID/Industrial/industrial_161.jpg,Industrial
data/raw/AID/Industrial/industrial_149.jpg,Industrial
data/raw/AID/Industrial/industrial_148.jpg,Industrial
data/raw/AID/Industrial/industrial_160.jpg,Industrial
data/raw/AID/Industrial/industrial_174.jpg,Industrial
data/raw/AID/Industrial/industrial_85.jpg,Industrial
data/raw/AID/Industrial/industrial_362.jpg,Industrial
data/raw/AID/Industrial/industrial_376.jpg,Industrial
data/raw/AID/Industrial/industrial_91.jpg,Industrial
data/raw/AID/Industrial/industrial_2.jpg,Industrial
data/raw/AID/Industrial/industrial_389.jpg,Industrial
data/raw/AID/Industrial/industrial_46.jpg,Industrial
data/raw/AID/Industrial/industrial_52.jpg,Industrial
data/raw/AID/Industrial/industrial_216.jpg,Industrial
data/raw/AID/Industrial/industrial_202.jpg,Industrial
data/raw/AID/Industrial/industrial_214.jpg,Industrial
data/raw/AID/Industrial/industrial_200.jpg,Industrial
data/raw/AID/Industrial/industrial_228.jpg,Industrial
data/raw/AID/Industrial/industrial_44.jpg,Industrial
data/raw/AID/Industrial/industrial_50.jpg,Industrial
data/raw/AID/Industrial/industrial_78.jpg,Industrial
data/raw/AID/Industrial/industrial_360.jpg,Industrial
data/raw/AID/Industrial/industrial_87.jpg,Industrial
data/raw/AID/Industrial/industrial_93.jpg,Industrial
data/raw/AID/Industrial/industrial_374.jpg,Industrial
data/raw/AID/Industrial/industrial_348.jpg,Industrial
data/raw/AID/Industrial/industrial_189.jpg,Industrial
data/raw/AID/Industrial/industrial_162.jpg,Industrial
data/raw/AID/Industrial/industrial_176.jpg,Industrial
data/raw/AID/Industrial/industrial_177.jpg,Industrial
data/raw/AID/Industrial/industrial_163.jpg,Industrial
data/raw/AID/Industrial/industrial_188.jpg,Industrial
data/raw/AID/Industrial/industrial_349.jpg,Industrial
data/raw/AID/Industrial/industrial_375.jpg,Industrial
data/raw/AID/Industrial/industrial_92.jpg,Industrial
data/raw/AID/Industrial/industrial_86.jpg,Industrial
data/raw/AID/Industrial/industrial_361.jpg,Industrial
data/raw/AID/Industrial/industrial_1.jpg,Industrial
data/raw/AID/Industrial/industrial_79.jpg,Industrial
data/raw/AID/Industrial/industrial_51.jpg,Industrial
data/raw/AID/Industrial/industrial_45.jpg,Industrial
data/raw/AID/Industrial/industrial_229.jpg,Industrial
data/raw/AID/Industrial/industrial_201.jpg,Industrial
data/raw/AID/Industrial/industrial_215.jpg,Industrial
data/raw/AID/Industrial/industrial_218.jpg,Industrial
data/raw/AID/Industrial/industrial_230.jpg,Industrial
data/raw/AID/Industrial/industrial_224.jpg,Industrial
data/raw/AID/Industrial/industrial_48.jpg,Industrial
data/raw/AID/Industrial/industrial_387.jpg,Industrial
data/raw/AID/Industrial/industrial_60.jpg,Industrial
data/raw/AID/Industrial/industrial_74.jpg,Industrial
data/raw/AID/Industrial/industrial_378.jpg,Industrial
data/raw/AID/Industrial/industrial_344.jpg,Industrial
data/raw/AID/Industrial/industrial_350.jpg,Industrial
data/raw/AID/Industrial/industrial_185.jpg,Industrial
data/raw/AID/Industrial/industrial_191.jpg,Industrial
data/raw/AID/Industrial/industrial_146.jpg,Industrial
data/raw/AID/Industrial/industrial_152.jpg,Industrial
data/raw/AID/Industrial/industrial_153.jpg,Industrial
data/raw/AID/Industrial/industrial_147.jpg,Industrial
data/raw/AID/Industrial/industrial_190.jpg,Industrial
data/raw/AID/Industrial/industrial_184.jpg,Industrial
data/raw/AID/Industrial/industrial_351.jpg,Industrial
data/raw/AID/Industrial/industrial_345.jpg,Industrial
data/raw/AID/Industrial/industrial_379.jpg,Industrial
data/raw/AID/Industrial/industrial_75.jpg,Industrial
data/raw/AID/Industrial/industrial_61.jpg,Industrial
data/raw/AID/Industrial/industrial_386.jpg,Industrial
data/raw/AID/Industrial/industrial_49.jpg,Industrial
data/raw/AID/Industrial/industrial_225.jpg,Industrial
data/raw/AID/Industrial/industrial_231.jpg,Industrial
data/raw/AID/Industrial/industrial_219.jpg,Industrial
data/raw/AID/Industrial/industrial_227.jpg,Industrial
data/raw/AID/Industrial/industrial_233.jpg,Industrial
data/raw/AID/Industrial/industrial_77.jpg,Industrial
data/raw/AID/Industrial/industrial_390.jpg,Industrial
data/raw/AID/Industrial/industrial_384.jpg,Industrial
data/raw/AID/Industrial/industrial_63.jpg,Industrial
data/raw/AID/Industrial/industrial_88.jpg,Industrial
data/raw/AID/Industrial/industrial_353.jpg,Industrial
data/raw/AID/Industrial/industrial_347.jpg,Industrial
data/raw/AID/Industrial/industrial_192.jpg,Industrial
data/raw/AID/Industrial/industrial_186.jpg,Industrial
data/raw/AID/Industrial/industrial_179.jpg,Industrial
data/raw/AID/Industrial/industrial_151.jpg,Industrial
data/raw/AID/Industrial/industrial_145.jpg,Industrial
data/raw/AID/Industrial/industrial_144.jpg,Industrial
data/raw/AID/Industrial/industrial_150.jpg,Industrial
data/raw/AID/Industrial/industrial_178.jpg,Industrial
data/raw/AID/Industrial/industrial_187.jpg,Industrial
data/raw/AID/Industrial/industrial_193.jpg,Industrial
data/raw/AID/Industrial/industrial_346.jpg,Industrial
data/raw/AID/Industrial/industrial_352.jpg,Industrial
data/raw/AID/Industrial/industrial_89.jpg,Industrial
data/raw/AID/Industrial/industrial_62.jpg,Industrial
data/raw/AID/Industrial/industrial_385.jpg,Industrial
data/raw/AID/Industrial/industrial_76.jpg,Industrial
data/raw/AID/Industrial/industrial_232.jpg,Industrial
data/raw/AID/Industrial/industrial_226.jpg,Industrial
data/raw/AID/Industrial/industrial_222.jpg,Industrial
data/raw/AID/Industrial/industrial_236.jpg,Industrial
data/raw/AID/Industrial/industrial_72.jpg,Industrial
data/raw/AID/Industrial/industrial_381.jpg,Industrial
data/raw/AID/Industrial/industrial_66.jpg,Industrial
data/raw/AID/Industrial/industrial_356.jpg,Industrial
data/raw/AID/Industrial/industrial_342.jpg,Industrial
data/raw/AID/Industrial/industrial_99.jpg,Industrial
data/raw/AID/Industrial/industrial_197.jpg,Industrial
data/raw/AID/Industrial/industrial_183.jpg,Industrial
data/raw/AID/Industrial/industrial_154.jpg,Industrial
data/raw/AID/Industrial/industrial_140.jpg,Industrial
data/raw/AID/Industrial/industrial_168.jpg,Industrial
data/raw/AID/Industrial/industrial_169.jpg,Industrial
data/raw/AID/Industrial/industrial_141.jpg,Industrial
data/raw/AID/Industrial/industrial_155.jpg,Industrial
data/raw/AID/Industrial/industrial_182.jpg,Industrial
data/raw/AID/Industrial/industrial_196.jpg,Industrial
data/raw/AID/Industrial/industrial_98.jpg,Industrial
data/raw/AID/Industrial/industrial_343.jpg,Industrial
data/raw/AID/Industrial/industrial_357.jpg,Industrial
data/raw/AID/Industrial/industrial_67.jpg,Industrial
data/raw/AID/Industrial/industrial_380.jpg,Industrial
data/raw/AID/Industrial/industrial_73.jpg,Industrial
data/raw/AID/Industrial/industrial_237.jpg,Industrial
data/raw/AID/Industrial/industrial_223.jpg,Industrial
data/raw/AID/Industrial/industrial_235.jpg,Industrial
data/raw/AID/Industrial/industrial_221.jpg,Industrial
data/raw/AID/Industrial/industrial_209.jpg,Industrial
data/raw/AID/Industrial/industrial_382.jpg,Industrial
data/raw/AID/Industrial/industrial_9.jpg,Industrial
data/raw/AID/Industrial/industrial_65.jpg,Industrial
data/raw/AID/Industrial/industrial_71.jpg,Industrial
data/raw/AID/Industrial/industrial_59.jpg,Industrial
data/raw/AID/Industrial/industrial_341.jpg,Industrial
data/raw/AID/Industrial/industrial_355.jpg,Industrial
data/raw/AID/Industrial/industrial_369.jpg,Industrial
data/raw/AID/Industrial/industrial_180.jpg,Industrial
data/raw/AID/Industrial/industrial_194.jpg,Industrial
data/raw/AID/Industrial/industrial_143.jpg,Industrial
data/raw/AID/Industrial/industrial_157.jpg,Industrial
data/raw/AID/Industrial/industrial_156.jpg,Industrial
data/raw/AID/Industrial/industrial_142.jpg,Industrial
data/raw/AID/Industrial/industrial_195.jpg,Industrial
data/raw/AID/Industrial/industrial_181.jpg,Industrial
data/raw/AID/Industrial/industrial_368.jpg,Industrial
data/raw/AID/Industrial/industrial_354.jpg,Industrial
data/raw/AID/Industrial/industrial_340.jpg,Industrial
data/raw/AID/Industrial/industrial_58.jpg,Industrial
data/raw/AID/Industrial/industrial_70.jpg,Industrial
data/raw/AID/Industrial/industrial_64.jpg,Industrial
data/raw/AID/Industrial/industrial_8.jpg,Industrial
data/raw/AID/Industrial/industrial_383.jpg,Industrial
data/raw/AID/Industrial/industrial_208.jpg,Industrial
data/raw/AID/Industrial/industrial_220.jpg,Industrial
data/raw/AID/Industrial/industrial_234.jpg,Industrial
data/raw/AID/Industrial/industrial_290.jpg,Industrial
data/raw/AID/Industrial/industrial_284.jpg,Industrial
data/raw/AID/Industrial/industrial_253.jpg,Industrial
data/raw/AID/Industrial/industrial_247.jpg,Industrial
data/raw/AID/Industrial/industrial_17.jpg,Industrial
data/raw/AID/Industrial/industrial_327.jpg,Industrial
data/raw/AID/Industrial/industrial_333.jpg,Industrial
data/raw/AID/Industrial/industrial_119.jpg,Industrial
data/raw/AID/Industrial/industrial_125.jpg,Industrial
data/raw/AID/Industrial/industrial_131.jpg,Industrial
data/raw/AID/Industrial/industrial_130.jpg,Industrial
data/raw/AID/Industrial/industrial_124.jpg,Industrial
data/raw/AID/Industrial/industrial_118.jpg,Industrial
data/raw/AID/Industrial/industrial_332.jpg,Industrial
data/raw/AID/Industrial/industrial_326.jpg,Industrial
data/raw/AID/Industrial/industrial_16.jpg,Industrial
data/raw/AID/Industrial/industrial_246.jpg,Industrial
data/raw/AID/Industrial/industrial_252.jpg,Industrial
data/raw/AID/Industrial/industrial_285.jpg,Industrial
data/raw/AID/Industrial/industrial_291.jpg,Industrial
data/raw/AID/Industrial/industrial_287.jpg,Industrial
data/raw/AID/Industrial/industrial_293.jpg,Industrial
data/raw/AID/Industrial/industrial_278.jpg,Industrial
data/raw/AID/Industrial/industrial_244.jpg,Industrial
data/raw/AID/Industrial/industrial_250.jpg,Industrial
data/raw/AID/Industrial/industrial_28.jpg,Industrial
data/raw/AID/Industrial/industrial_14.jpg,Industrial
data/raw/AID/Industrial/industrial_318.jpg,Industrial
data/raw/AID/Industrial/industrial_330.jpg,Industrial
data/raw/AID/Industrial/industrial_324.jpg,Industrial
data/raw/AID/Industrial/industrial_132.jpg,Industrial
data/raw/AID/Industrial/industrial_126.jpg,Industrial
data/raw/AID/Industrial/industrial_127.jpg,Industrial
data/raw/AID/Industrial/industrial_133.jpg,Industrial
data/raw/AID/Industrial/industrial_325.jpg,Industrial
data/raw/AID/Industrial/industrial_331.jpg,Industrial
data/raw/AID/Industrial/industrial_319.jpg,Industrial
data/raw/AID/Industrial/industrial_15.jpg,Industrial
data/raw/AID/Industrial/industrial_29.jpg,Industrial
data/raw/AID/Industrial/industrial_251.jpg,Industrial
data/raw/AID/Industrial/industrial_245.jpg,Industrial
data/raw/AID/Industrial/industrial_279.jpg,Industrial
data/raw/AID/Industrial/industrial_292.jpg,Industrial
data/raw/AID/Industrial/industrial_286.jpg,Industrial
data/raw/AID/Industrial/industrial_282.jpg,Industrial
data/raw/AID/Industrial/industrial_296.jpg,Industrial
data/raw/AID/Industrial/industrial_241.jpg,Industrial
data/raw/AID/Industrial/industrial_255.jpg,Industrial
data/raw/AID/Industrial/industrial_269.jpg,Industrial
data/raw/AID/Industrial/industrial_11.jpg,Industrial
data/raw/AID/Industrial/industrial_39.jpg,Industrial
data/raw/AID/Industrial/industrial_335.jpg,Industrial
data/raw/AID/Industrial/industrial_321.jpg,Industrial
data/raw/AID/Industrial/industrial_309.jpg,Industrial
data/raw/AID/Industrial/industrial_137.jpg,Industrial
data/raw/AID/Industrial/industrial_123.jpg,Industrial
data/raw/AID/Industrial/industrial_122.jpg,Industrial
data/raw/AID/Industrial/industrial_136.jpg,Industrial
data/raw/AID/Industrial/industrial_308.jpg,Industrial
data/raw/AID/Industrial/industrial_320.jpg,Industrial
data/raw/AID/Industrial/industrial_334.jpg,Industrial
data/raw/AID/Industrial/industrial_38.jpg,Industrial
data/raw/AID/Industrial/industrial_10.jpg,Industrial
data/raw/AID/Industrial/industrial_268.jpg,Industrial
data/raw/AID/Industrial/industrial_254.jpg,Industrial
data/raw/AID/Industrial/industrial_240.jpg,Industrial
data/raw/AID/Industrial/industrial_297.jpg,Industrial
data/raw/AID/Industrial/industrial_283.jpg,Industrial
data/raw/AID/Industrial/industrial_295.jpg,Industrial
data/raw/AID/Industrial/industrial_281.jpg,Industrial
data/raw/AID/Industrial/industrial_256.jpg,Industrial
data/raw/AID/Industrial/industrial_242.jpg,Industrial
data/raw/AID/Industrial/industrial_12.jpg,Industrial
data/raw/AID/Industrial/industrial_322.jpg,Industrial
data/raw/AID/Industrial/industrial_336.jpg,Industrial
data/raw/AID/Industrial/industrial_120.jpg,Industrial
data/raw/AID/Industrial/industrial_134.jpg,Industrial
data/raw/AID/Industrial/industrial_108.jpg,Industrial
data/raw/AID/Industrial/industrial_109.jpg,Industrial
data/raw/AID/Industrial/industrial_135.jpg,Industrial
data/raw/AID/Industrial/industrial_121.jpg,Industrial
data/raw/AID/Industrial/industrial_337.jpg,Industrial
data/raw/AID/Industrial/industrial_323.jpg,Industrial
data/raw/AID/Industrial/industrial_13.jpg,Industrial
data/raw/AID/Industrial/industrial_243.jpg,Industrial
data/raw/AID/Industrial/industrial_257.jpg,Industrial
data/raw/AID/Industrial/industrial_280.jpg,Industrial
data/raw/AID/Industrial/industrial_294.jpg,Industrial
data/raw/AID/Airport/airport_333.jpg,Airport
data/raw/AID/Airport/airport_327.jpg,Airport
data/raw/AID/Airport/airport_27.jpg,Airport
data/raw/AID/Airport/airport_33.jpg,Airport
data/raw/AID/Airport/airport_131.jpg,Airport
data/raw/AID/Airport/airport_125.jpg,Airport
data/raw/AID/Airport/airport_1.jpg,Airport
data/raw/AID/Airport/airport_119.jpg,Airport
data/raw/AID/Airport/airport_284.jpg,Airport
data/raw/AID/Airport/airport_290.jpg,Airport
data/raw/AID/Airport/airport_247.jpg,Airport
data/raw/AID/Airport/airport_253.jpg,Airport
data/raw/AID/Airport/airport_252.jpg,Airport
data/raw/AID/Airport/airport_246.jpg,Airport
data/raw/AID/Airport/airport_291.jpg,Airport
data/raw/AID/Airport/airport_285.jpg,Airport
data/raw/AID/Airport/airport_118.jpg,Airport
data/raw/AID/Airport/airport_124.jpg,Airport
data/raw/AID/Airport/airport_130.jpg,Airport
data/raw/AID/Airport/airport_32.jpg,Airport
data/raw/AID/Airport/airport_26.jpg,Airport
data/raw/AID/Airport/airport_326.jpg,Airport
data/raw/AID/Airport/airport_332.jpg,Airport
data/raw/AID/Airport/airport_324.jpg,Airport
data/raw/AID/Airport/airport_330.jpg,Airport
data/raw/AID/Airport/airport_18.jpg,Airport
data/raw/AID/Airport/airport_30.jpg,Airport
data/raw/AID/Airport/airport_318.jpg,Airport
data/raw/AID/Airport/airport_24.jpg,Airport
data/raw/AID/Airport/airport_126.jpg,Airport
data/raw/AID/Airport/airport_132.jpg,Airport
data/raw/AID/Airport/airport_2.jpg,Airport
data/raw/AID/Airport/airport_293.jpg,Airport
data/raw/AID/Airport/airport_287.jpg,Airport
data/raw/AID/Airport/airport_250.jpg,Airport
data/raw/AID/Airport/airport_244.jpg,Airport
data/raw/AID/Airport/airport_278.jpg,Airport
data/raw/AID/Airport/airport_279.jpg,Airport
data/raw/AID/Airport/airport_245.jpg,Airport
data/raw/AID/Airport/airport_251.jpg,Airport
data/raw/AID/Airport/airport_286.jpg,Airport
data/raw/AID/Airport/airport_292.jpg,Airport
data/raw/AID/Airport/airport_3.jpg,Airport
data/raw/AID/Airport/airport_133.jpg,Airport
data/raw/AID/Airport/airport_127.jpg,Airport
data/raw/AID/Airport/airport_25.jpg,Airport
data/raw/AID/Airport/airport_31.jpg,Airport
data/raw/AID/Airport/airport_319.jpg,Airport
data/raw/AID/Airport/airport_331.jpg,Airport
data/raw/AID/Airport/airport_19.jpg,Airport
data/raw/AID/Airport/airport_325.jpg,Airport
data/raw/AID/Airport/airport_35.jpg,Airport
data/raw/AID/Airport/airport_21.jpg,Airport
data/raw/AID/Airport/airport_309.jpg,Airport
data/raw/AID/Airport/airport_321.jpg,Airport
data/raw/AID/Airport/airport_335.jpg,Airport
data/raw/AID/Airport/airport_7.jpg,Airport
data/raw/AID/Airport/airport_123.jpg,Airport
data/raw/AID/Airport/airport_137.jpg,Airport
data/raw/AID/Airport/airport_296.jpg,Airport
data/raw/AID/Airport/airport_282.jpg,Airport
data/raw/AID/Airport/airport_269.jpg,Airport
data/raw/AID/Airport/airport_255.jpg,Airport
data/raw/AID/Airport/airport_241.jpg,Airport
data/raw/AID/Airport/airport_240.jpg,Airport
data/raw/AID/Airport/airport_254.jpg,Airport
data/raw/AID/Airport/airport_268.jpg,Airport
data/raw/AID/Airport/airport_283.jpg,Airport
data/raw/AID/Airport/airport_297.jpg,Airport
data/raw/AID/Airport/airport_136.jpg,Airport
data/raw/AID/Airport/airport_122.jpg,Airport
data/raw/AID/Airport/airport_6.jpg,Airport
data/raw/AID/Airport/airport_334.jpg,Airport
data/raw/AID/Airport/airport_320.jpg,Airport
data/raw/AID/Airport/airport_20.jpg,Airport
data/raw/AID/Airport/airport_308.jpg,Airport
data/raw/AID/Airport/airport_34.jpg,Airport
data/raw/AID/Airport/airport_22.jpg,Airport
data/raw/AID/Airport/airport_36.jpg,Airport
data/raw/AID/Airport/airport_336.jpg,Airport
data/raw/AID/Airport/airport_322.jpg,Airport
data/raw/AID/Airport/airport_108.jpg,Airport
data/raw/AID/Airport/airport_4.jpg,Airport
data/raw/AID/Airport/airport_134.jpg,Airport
data/raw/AID/Airport/airport_120.jpg,Airport
data/raw/AID/Airport/airport_281.jpg,Airport
data/raw/AID/Airport/airport_295.jpg,Airport
data/raw/AID/Airport/airport_242.jpg,Airport
data/raw/AID/Airport/airport_256.jpg,Airport
data/raw/AID/Airport/airport_257.jpg,Airport
data/raw/AID/Airport/airport_243.jpg,Airport
data/raw/AID/Airport/airport_294.jpg,Airport
data/raw/AID/Airport/airport_280.jpg,Airport
data/raw/AID/Airport/airport_121.jpg,Airport
data/raw/AID/Airport/airport_135.jpg,Airport
data/raw/AID/Airport/airport_5.jpg,Airport
data/raw/AID/Airport/airport_109.jpg,Airport
data/raw/AID/Airport/airport_323.jpg,Airport
data/raw/AID/Airport/airport_337.jpg,Airport
data/raw/AID/Airport/airport_37.jpg,Airport
data/raw/AID/Airport/airport_23.jpg,Airport
data/raw/AID/Airport/airport_87.jpg,Airport
data/raw/AID/Airport/airport_93.jpg,Airport
data/raw/AID/Airport/airport_350.jpg,Airport
data/raw/AID/Airport/airport_78.jpg,Airport
data/raw/AID/Airport/airport_344.jpg,Airport
data/raw/AID/Airport/airport_44.jpg,Airport
data/raw/AID/Airport/airport_50.jpg,Airport
data/raw/AID/Airport/airport_191.jpg,Airport
data/raw/AID/Airport/airport_185.jpg,Airport
data/raw/AID/Airport/airport_152.jpg,Airport
data/raw/AID/Airport/airport_146.jpg,Airport
data/raw/AID/Airport/airport_224.jpg,Airport
data/raw/AID/Airport/airport_230.jpg,Airport
data/raw/AID/Airport/airport_218.jpg,Airport
data/raw/AID/Airport/airport_219.jpg,Airport
data/raw/AID/Airport/airport_231.jpg,Airport
data/raw/AID/Airport/airport_225.jpg,Airport
data/raw/AID/Airport/airport_147.jpg,Airport
data/raw/AID/Airport/airport_153.jpg,Airport
data/raw/AID/Airport/airport_184.jpg,Airport
data/raw/AID/Airport/airport_190.jpg,Airport
data/raw/AID/Airport/airport_51.jpg,Airport
data/raw/AID/Airport/airport_45.jpg,Airport
data/raw/AID/Airport/airport_345.jpg,Airport
data/raw/AID/Airport/airport_351.jpg,Airport
data/raw/AID/Airport/airport_79.jpg,Airport
data/raw/AID/Airport/airport_92.jpg,Airport
data/raw/AID/Airport/airport_86.jpg,Airport
data/raw/AID/Airport/airport_90.jpg,Airport
data/raw/AID/Airport/airport_84.jpg,Airport
data/raw/AID/Airport/airport_347.jpg,Airport
data/raw/AID/Airport/airport_353.jpg,Airport
data/raw/AID/Airport/airport_53.jpg,Airport
data/raw/AID/Airport/airport_47.jpg,Airport
data/raw/AID/Airport/airport_186.jpg,Airport
data/raw/AID/Airport/airport_192.jpg,Airport
data/raw/AID/Airport/airport_145.jpg,Airport
data/raw/AID/Airport/airport_151.jpg,Airport
data/raw/AID/Airport/airport_179.jpg,Airport
data/raw/AID/Airport/airport_233.jpg,Airport
data/raw/AID/Airport/airport_227.jpg,Airport
data/raw/AID/Airport/airport_226.jpg,Airport
data/raw/AID/Airport/airport_232.jpg,Airport
data/raw/AID/Airport/airport_178.jpg,Airport
data/raw/AID/Airport/airport_150.jpg,Airport
data/raw/AID/Airport/airport_144.jpg,Airport
data/raw/AID/Airport/airport_193.jpg,Airport
data/raw/AID/Airport/airport_187.jpg,Airport
data/raw/AID/Airport/airport_46.jpg,Airport
data/raw/AID/Airport/airport_52.jpg,Airport
data/raw/AID/Airport/airport_352.jpg,Airport
data/raw/AID/Airport/airport_346.jpg,Airport
data/raw/AID/Airport/airport_85.jpg,Airport
data/raw/AID/Airport/airport_91.jpg,Airport
data/raw/AID/Airport/airport_95.jpg,Airport
data/raw/AID/Airport/airport_81.jpg,Airport
data/raw/AID/Airport/airport_56.jpg,Airport
data/raw/AID/Airport/airport_42.jpg,Airport
data/raw/AID/Airport/airport_342.jpg,Airport
data/raw/AID/Airport/airport_356.jpg,Airport
data/raw/AID/Airport/airport_183.jpg,Airport
data/raw/AID/Airport/airport_197.jpg,Airport
data/raw/AID/Airport/airport_168.jpg,Airport
data/raw/AID/Airport/airport_140.jpg,Airport
data/raw/AID/Airport/airport_154.jpg,Airport
data/raw/AID/Airport/airport_236.jpg,Airport
data/raw/AID/Airport/airport_222.jpg,Airport
data/raw/AID/Airport/airport_223.jpg,Airport
data/raw/AID/Airport/airport_237.jpg,Airport
data/raw/AID/Airport/airport_155.jpg,Airport
data/raw/AID/Airport/airport_141.jpg,Airport
data/raw/AID/Airport/airport_169.jpg,Airport
data/raw/AID/Airport/airport_196.jpg,Airport
data/raw/AID/Airport/airport_182.jpg,Airport
data/raw/AID/Airport/airport_357.jpg,Airport
data/raw/AID/Airport/airport_343.jpg,Airport
data/raw/AID/Airport/airport_43.jpg,Airport
data/raw/AID/Airport/airport_57.jpg,Airport
data/raw/AID/Airport/airport_80.jpg,Airport
data/raw/AID/Airport/airport_94.jpg,Airport
data/raw/AID/Airport/airport_82.jpg,Airport
data/raw/AID/Airport/airport_96.jpg,Airport
data/raw/AID/Airport/airport_41.jpg,Airport
data/raw/AID/Airport/airport_55.jpg,Airport
data/raw/AID/Airport/airport_355.jpg,Airport
data/raw/AID/Airport/airport_341.jpg,Airport
data/raw/AID/Airport/airport_69.jpg,Airport
data/raw/AID/Airport/airport_194.jpg,Airport
data/raw/AID/Airport/airport_180.jpg,Airport
data/raw/AID/Airport/airport_157.jpg,Airport
data/raw/AID/Airport/airport_143.jpg,Airport
data/raw/AID/Airport/airport_209.jpg,Airport
data/raw/AID/Airport/airport_221.jpg,Airport
data/raw/AID/Airport/airport_235.jpg,Airport
data/raw/AID/Airport/airport_234.jpg,Airport
data/raw/AID/Airport/airport_220.jpg,Airport
data/raw/AID/Airport/airport_208.jpg,Airport
data/raw/AID/Airport/airport_142.jpg,Airport
data/raw/AID/Airport/airport_156.jpg,Airport
data/raw/AID/Airport/airport_181.jpg,Airport
data/raw/AID/Airport/airport_195.jpg,Airport
data/raw/AID/Airport/airport_340.jpg,Airport
data/raw/AID/Airport/airport_68.jpg,Airport
data/raw/AID/Airport/airport_354.jpg,Airport
data/raw/AID/Airport/airport_54.jpg,Airport
data/raw/AID/Airport/airport_40.jpg,Airport
data/raw/AID/Airport/airport_97.jpg,Airport
data/raw/AID/Airport/airport_83.jpg,Airport
data/raw/AID/Airport/airport_59.jpg,Airport
data/raw/AID/Airport/airport_65.jpg,Airport
data/raw/AID/Airport/airport_71.jpg,Airport
data/raw/AID/Airport/airport_359.jpg,Airport
data/raw/AID/Airport/airport_198.jpg,Airport
data/raw/AID/Airport/airport_173.jpg,Airport
data/raw/AID/Airport/airport_167.jpg,Airport
data/raw/AID/Airport/airport_205.jpg,Airport
data/raw/AID/Airport/airport_211.jpg,Airport
data/raw/AID/Airport/airport_239.jpg,Airport
data/raw/AID/Airport/airport_238.jpg,Airport
data/raw/AID/Airport/airport_210.jpg,Airport
data/raw/AID/Airport/airport_204.jpg,Airport
data/raw/AID/Airport/airport_166.jpg,Airport
data/raw/AID/Airport/airport_172.jpg,Airport
data/raw/AID/Airport/airport_199.jpg,Airport
data/raw/AID/Airport/airport_70.jpg,Airport
data/raw/AID/Airport/airport_358.jpg,Airport
data/raw/AID/Airport/airport_64.jpg,Airport
data/raw/AID/Airport/airport_58.jpg,Airport
data/raw/AID/Airport/airport_99.jpg,Airport
data/raw/AID/Airport/airport_72.jpg,Airport
data/raw/AID/Airport/airport_66.jpg,Airport
data/raw/AID/Airport/airport_164.jpg,Airport
data/raw/AID/Airport/airport_170.jpg,Airport
data/raw/AID/Airport/airport_158.jpg,Airport
data/raw/AID/Airport/airport_212.jpg,Airport
data/raw/AID/Airport/airport_206.jpg,Airport
data/raw/AID/Airport/airport_207.jpg,Airport
data/raw/AID/Airport/airport_213.jpg,Airport
data/raw/AID/Airport/airport_159.jpg,Airport
data/raw/AID/Airport/airport_171.jpg,Airport
data/raw/AID/Airport/airport_165.jpg,Airport
data/raw/AID/Airport/airport_67.jpg,Airport
data/raw/AID/Airport/airport_73.jpg,Airport
data/raw/AID/Airport/airport_98.jpg,Airport
data/raw/AID/Airport/airport_88.jpg,Airport
data/raw/AID/Airport/airport_77.jpg,Airport
data/raw/AID/Airport/airport_63.jpg,Airport
data/raw/AID/Airport/airport_149.jpg,Airport
data/raw/AID/Airport/airport_161.jpg,Airport
data/raw/AID/Airport/airport_175.jpg,Airport
data/raw/AID/Airport/airport_217.jpg,Airport
data/raw/AID/Airport/airport_203.jpg,Airport
data/raw/AID/Airport/airport_202.jpg,Airport
data/raw/AID/Airport/airport_216.jpg,Airport
data/raw/AID/Airport/airport_174.jpg,Airport
data/raw/AID/Airport/airport_160.jpg,Airport
data/raw/AID/Airport/airport_148.jpg,Airport
data/raw/AID/Airport/airport_62.jpg,Airport
data/raw/AID/Airport/airport_76.jpg,Airport
data/raw/AID/Airport/airport_89.jpg,Airport
data/raw/AID/Airport/airport_60.jpg,Airport
data/raw/AID/Airport/airport_348.jpg,Airport
data/raw/AID/Airport/airport_74.jpg,Airport
data/raw/AID/Airport/airport_360.jpg,Airport
data/raw/AID/Airport/airport_48.jpg,Airport
data/raw/AID/Airport/airport_189.jpg,Airport
data/raw/AID/Airport/airport_176.jpg,Airport
data/raw/AID/Airport/airport_162.jpg,Airport
data/raw/AID/Airport/airport_228.jpg,Airport
data/raw/AID/Airport/airport_200.jpg,Airport
data/raw/AID/Airport/airport_214.jpg,Airport
data/raw/AID/Airport/airport_215.jpg,Airport
data/raw/AID/Airport/airport_201.jpg,Airport
data/raw/AID/Airport/airport_229.jpg,Airport
data/raw/AID/Airport/airport_163.jpg,Airport
data/raw/AID/Airport/airport_177.jpg,Airport
data/raw/AID/Airport/airport_188.jpg,Airport
data/raw/AID/Airport/airport_49.jpg,Airport
data/raw/AID/Airport/airport_75.jpg,Airport
data/raw/AID/Airport/airport_61.jpg,Airport
data/raw/AID/Airport/airport_349.jpg,Airport
data/raw/AID/Airport/airport_312.jpg,Airport
data/raw/AID/Airport/airport_306.jpg,Airport
data/raw/AID/Airport/airport_12.jpg,Airport
data/raw/AID/Airport/airport_110.jpg,Airport
data/raw/AID/Airport/airport_8.jpg,Airport
data/raw/AID/Airport/airport_104.jpg,Airport
data/raw/AID/Airport/airport_138.jpg,Airport
data/raw/AID/Airport/airport_299.jpg,Airport
data/raw/AID/Airport/airport_266.jpg,Airport
data/raw/AID/Airport/airport_272.jpg,Airport
data/raw/AID/Airport/airport_273.jpg,Airport
data/raw/AID/Airport/airport_267.jpg,Airport
data/raw/AID/Airport/airport_298.jpg,Airport
data/raw/AID/Airport/airport_139.jpg,Airport
data/raw/AID/Airport/airport_105.jpg,Airport
data/raw/AID/Airport/airport_111.jpg,Airport
data/raw/AID/Airport/airport_9.jpg,Airport
data/raw/AID/Airport/airport_13.jpg,Airport
data/raw/AID/Airport/airport_307.jpg,Airport
data/raw/AID/Airport/airport_313.jpg,Airport
data/raw/AID/Airport/airport_305.jpg,Airport
data/raw/AID/Airport/airport_311.jpg,Airport
data/raw/AID/Airport/airport_39.jpg,Airport
data/raw/AID/Airport/airport_11.jpg,Airport
data/raw/AID/Airport/airport_339.jpg,Airport
data/raw/AID/Airport/airport_107.jpg,Airport
data/raw/AID/Airport/airport_113.jpg,Airport
data/raw/AID/Airport/airport_271.jpg,Airport
data/raw/AID/Airport/airport_265.jpg,Airport
data/raw/AID/Airport/airport_259.jpg,Airport
data/raw/AID/Airport/airport_258.jpg,Airport
data/raw/AID/Airport/airport_264.jpg,Airport
data/raw/AID/Airport/airport_270.jpg,Airport
data/raw/AID/Airport/airport_112.jpg,Airport
data/raw/AID/Airport/airport_106.jpg,Airport
data/raw/AID/Airport/airport_10.jpg,Airport
data/raw/AID/Airport/airport_338.jpg,Airport
data/raw/AID/Airport/airport_310.jpg,Airport
data/raw/AID/Airport/airport_38.jpg,Airport
data/raw/AID/Airport/airport_304.jpg,Airport
data/raw/AID/Airport/airport_14.jpg,Airport
data/raw/AID/Airport/airport_328.jpg,Airport
data/raw/AID/Airport/airport_300.jpg,Airport
data/raw/AID/Airport/airport_28.jpg,Airport
data/raw/AID/Airport/airport_314.jpg,Airport
data/raw/AID/Airport/airport_102.jpg,Airport
data/raw/AID/Airport/airport_116.jpg,Airport
data/raw/AID/Airport/airport_248.jpg,Airport
data/raw/AID/Airport/airport_274.jpg,Airport
data/raw/AID/Airport/airport_260.jpg,Airport
data/raw/AID/Airport/airport_261.jpg,Airport
data/raw/AID/Airport/airport_275.jpg,Airport
data/raw/AID/Airport/airport_249.jpg,Airport
data/raw/AID/Airport/airport_117.jpg,Airport
data/raw/AID/Airport/airport_103.jpg,Airport
data/raw/AID/Airport/airport_315.jpg,Airport
data/raw/AID/Airport/airport_301.jpg,Airport
data/raw/AID/Airport/airport_29.jpg,Airport
data/raw/AID/Airport/airport_329.jpg,Airport
data/raw/AID/Airport/airport_15.jpg,Airport
data/raw/AID/Airport/airport_17.jpg,Airport
data/raw/AID/Airport/airport_317.jpg,Airport
data/raw/AID/Airport/airport_303.jpg,Airport
data/raw/AID/Airport/airport_129.jpg,Airport
data/raw/AID/Airport/airport_115.jpg,Airport
data/raw/AID/Airport/airport_101.jpg,Airport
data/raw/AID/Airport/airport_288.jpg,Airport
data/raw/AID/Airport/airport_263.jpg,Airport
data/raw/AID/Airport/airport_277.jpg,Airport
data/raw/AID/Airport/airport_276.jpg,Airport
data/raw/AID/Airport/airport_262.jpg,Airport
data/raw/AID/Airport/airport_289.jpg,Airport
data/raw/AID/Airport/airport_100.jpg,Airport
data/raw/AID/Airport/airport_114.jpg,Airport
data/raw/AID/Airport/airport_128.jpg,Airport
data/raw/AID/Airport/airport_302.jpg,Airport
data/raw/AID/Airport/airport_316.jpg,Airport
data/raw/AID/Airport/airport_16.jpg,Airport
data/raw/AID/Stadium/stadium_243.jpg,Stadium
data/raw/AID/Stadium/stadium_73.jpg,Stadium
data/raw/AID/Stadium/stadium_67.jpg,Stadium
data/raw/AID/Stadium/stadium_257.jpg,Stadium
data/raw/AID/Stadium/stadium_280.jpg,Stadium
data/raw/AID/Stadium/stadium_98.jpg,Stadium
data/raw/AID/Stadium/stadium_135.jpg,Stadium
data/raw/AID/Stadium/stadium_121.jpg,Stadium
data/raw/AID/Stadium/stadium_109.jpg,Stadium
data/raw/AID/Stadium/stadium_108.jpg,Stadium
data/raw/AID/Stadium/stadium_120.jpg,Stadium
data/raw/AID/Stadium/stadium_134.jpg,Stadium
data/raw/AID/Stadium/stadium_1.jpg,Stadium
data/raw/AID/Stadium/stadium_99.jpg,Stadium
data/raw/AID/Stadium/stadium_281.jpg,Stadium
data/raw/AID/Stadium/stadium_66.jpg,Stadium
data/raw/AID/Stadium/stadium_256.jpg,Stadium
data/raw/AID/Stadium/stadium_242.jpg,Stadium
data/raw/AID/Stadium/stadium_72.jpg,Stadium
data/raw/AID/Stadium/stadium_254.jpg,Stadium
data/raw/AID/Stadium/stadium_64.jpg,Stadium
data/raw/AID/Stadium/stadium_70.jpg,Stadium
data/raw/AID/Stadium/stadium_240.jpg,Stadium
data/raw/AID/Stadium/stadium_268.jpg,Stadium
data/raw/AID/Stadium/stadium_58.jpg,Stadium
data/raw/AID/Stadium/stadium_283.jpg,Stadium
data/raw/AID/Stadium/stadium_3.jpg,Stadium
data/raw/AID/Stadium/stadium_122.jpg,Stadium
data/raw/AID/Stadium/stadium_136.jpg,Stadium
data/raw/AID/Stadium/stadium_137.jpg,Stadium
data/raw/AID/Stadium/stadium_123.jpg,Stadium
data/raw/AID/Stadium/stadium_2.jpg,Stadium
data/raw/AID/Stadium/stadium_282.jpg,Stadium
data/raw/AID/Stadium/stadium_269.jpg,Stadium
data/raw/AID/Stadium/stadium_59.jpg,Stadium
data/raw/AID/Stadium/stadium_71.jpg,Stadium
data/raw/AID/Stadium/stadium_241.jpg,Stadium
data/raw/AID/Stadium/stadium_255.jpg,Stadium
data/raw/AID/Stadium/stadium_65.jpg,Stadium
data/raw/AID/Stadium/stadium_279.jpg,Stadium
data/raw/AID/Stadium/stadium_49.jpg,Stadium
data/raw/AID/Stadium/stadium_61.jpg,Stadium
data/raw/AID/Stadium/stadium_251.jpg,Stadium
data/raw/AID/Stadium/stadium_245.jpg,Stadium
data/raw/AID/Stadium/stadium_75.jpg,Stadium
data/raw/AID/Stadium/stadium_286.jpg,Stadium
data/raw/AID/Stadium/stadium_6.jpg,Stadium
data/raw/AID/Stadium/stadium_127.jpg,Stadium
data/raw/AID/Stadium/stadium_133.jpg,Stadium
data/raw/AID/Stadium/stadium_132.jpg,Stadium
data/raw/AID/Stadium/stadium_126.jpg,Stadium
data/raw/AID/Stadium/stadium_7.jpg,Stadium
data/raw/AID/Stadium/stadium_287.jpg,Stadium
data/raw/AID/Stadium/stadium_244.jpg,Stadium
data/raw/AID/Stadium/stadium_74.jpg,Stadium
data/raw/AID/Stadium/stadium_60.jpg,Stadium
data/raw/AID/Stadium/stadium_250.jpg,Stadium
data/raw/AID/Stadium/stadium_278.jpg,Stadium
data/raw/AID/Stadium/stadium_48.jpg,Stadium
data/raw/AID/Stadium/stadium_76.jpg,Stadium
data/raw/AID/Stadium/stadium_246.jpg,Stadium
data/raw/AID/Stadium/stadium_252.jpg,Stadium
data/raw/AID/Stadium/stadium_62.jpg,Stadium
data/raw/AID/Stadium/stadium_89.jpg,Stadium
data/raw/AID/Stadium/stadium_285.jpg,Stadium
data/raw/AID/Stadium/stadium_5.jpg,Stadium
data/raw/AID/Stadium/stadium_118.jpg,Stadium
data/raw/AID/Stadium/stadium_130.jpg,Stadium
data/raw/AID/Stadium/stadium_124.jpg,Stadium
data/raw/AID/Stadium/stadium_125.jpg,Stadium
data/raw/AID/Stadium/stadium_131.jpg,Stadium
data/raw/AID/Stadium/stadium_119.jpg,Stadium
data/raw/AID/Stadium/stadium_4.jpg,Stadium
data/raw/AID/Stadium/stadium_290.jpg,Stadium
data/raw/AID/Stadium/stadium_284.jpg,Stadium
data/raw/AID/Stadium/stadium_88.jpg,Stadium
data/raw/AID/Stadium/stadium_253.jpg,Stadium
data/raw/AID/Stadium/stadium_63.jpg,Stadium
data/raw/AID/Stadium/stadium_77.jpg,Stadium
data/raw/AID/Stadium/stadium_247.jpg,Stadium
data/raw/AID/Stadium/stadium_10.jpg,Stadium
data/raw/AID/Stadium/stadium_220.jpg,Stadium
data/raw/AID/Stadium/stadium_234.jpg,Stadium
data/raw/AID/Stadium/stadium_208.jpg,Stadium
data/raw/AID/Stadium/stadium_38.jpg,Stadium
data/raw/AID/Stadium/stadium_156.jpg,Stadium
data/raw/AID/Stadium/stadium_142.jpg,Stadium
data/raw/AID/Stadium/stadium_195.jpg,Stadium
data/raw/AID/Stadium/stadium_181.jpg,Stadium
data/raw/AID/Stadium/stadium_180.jpg,Stadium
data/raw/AID/Stadium/stadium_194.jpg,Stadium
data/raw/AID/Stadium/stadium_143.jpg,Stadium
data/raw/AID/Stadium/stadium_157.jpg,Stadium
data/raw/AID/Stadium/stadium_209.jpg,Stadium
data/raw/AID/Stadium/stadium_39.jpg,Stadium
data/raw/AID/Stadium/stadium_235.jpg,Stadium
data/raw/AID/Stadium/stadium_11.jpg,Stadium
data/raw/AID/Stadium/stadium_221.jpg,Stadium
data/raw/AID/Stadium/stadium_237.jpg,Stadium
data/raw/AID/Stadium/stadium_223.jpg,Stadium
data/raw/AID/Stadium/stadium_13.jpg,Stadium
data/raw/AID/Stadium/stadium_141.jpg,Stadium
data/raw/AID/Stadium/stadium_155.jpg,Stadium
data/raw/AID/Stadium/stadium_169.jpg,Stadium
data/raw/AID/Stadium/stadium_182.jpg,Stadium
data/raw/AID/Stadium/stadium_196.jpg,Stadium
data/raw/AID/Stadium/stadium_197.jpg,Stadium
data/raw/AID/Stadium/stadium_183.jpg,Stadium
data/raw/AID/Stadium/stadium_168.jpg,Stadium
data/raw/AID/Stadium/stadium_154.jpg,Stadium
data/raw/AID/Stadium/stadium_140.jpg,Stadium
data/raw/AID/Stadium/stadium_222.jpg,Stadium
data/raw/AID/Stadium/stadium_12.jpg,Stadium
data/raw/AID/Stadium/stadium_236.jpg,Stadium
data/raw/AID/Stadium/stadium_232.jpg,Stadium
data/raw/AID/Stadium/stadium_16.jpg,Stadium
data/raw/AID/Stadium/stadium_226.jpg,Stadium
data/raw/AID/Stadium/stadium_178.jpg,Stadium
data/raw/AID/Stadium/stadium_144.jpg,Stadium
data/raw/AID/Stadium/stadium_150.jpg,Stadium
data/raw/AID/Stadium/stadium_187.jpg,Stadium
data/raw/AID/Stadium/stadium_193.jpg,Stadium
data/raw/AID/Stadium/stadium_192.jpg,Stadium
data/raw/AID/Stadium/stadium_186.jpg,Stadium
data/raw/AID/Stadium/stadium_151.jpg,Stadium
data/raw/AID/Stadium/stadium_145.jpg,Stadium
data/raw/AID/Stadium/stadium_179.jpg,Stadium
data/raw/AID/Stadium/stadium_17.jpg,Stadium
data/raw/AID/Stadium/stadium_227.jpg,Stadium
data/raw/AID/Stadium/stadium_233.jpg,Stadium
data/raw/AID/Stadium/stadium_219.jpg,Stadium
data/raw/AID/Stadium/stadium_29.jpg,Stadium
data/raw/AID/Stadium/stadium_225.jpg,Stadium
data/raw/AID/Stadium/stadium_15.jpg,Stadium
data/raw/AID/Stadium/stadium_231.jpg,Stadium
data/raw/AID/Stadium/stadium_153.jpg,Stadium
data/raw/AID/Stadium/stadium_147.jpg,Stadium
data/raw/AID/Stadium/stadium_190.jpg,Stadium
data/raw/AID/Stadium/stadium_184.jpg,Stadium
data/raw/AID/Stadium/stadium_185.jpg,Stadium
data/raw/AID/Stadium/stadium_191.jpg,Stadium
data/raw/AID/Stadium/stadium_146.jpg,Stadium
data/raw/AID/Stadium/stadium_152.jpg,Stadium
data/raw/AID/Stadium/stadium_230.jpg,Stadium
data/raw/AID/Stadium/stadium_224.jpg,Stadium
data/raw/AID/Stadium/stadium_14.jpg,Stadium
data/raw/AID/Stadium/stadium_218.jpg,Stadium
data/raw/AID/Stadium/stadium_28.jpg,Stadium
data/raw/AID/Stadium/stadium_31.jpg,Stadium
data/raw/AID/Stadium/stadium_201.jpg,Stadium
data/raw/AID/Stadium/stadium_215.jpg,Stadium
data/raw/AID/Stadium/stadium_25.jpg,Stadium
data/raw/AID/Stadium/stadium_229.jpg,Stadium
data/raw/AID/Stadium/stadium_19.jpg,Stadium
data/raw/AID/Stadium/stadium_177.jpg,Stadium
data/raw/AID/Stadium/stadium_163.jpg,Stadium
data/raw/AID/Stadium/stadium_188.jpg,Stadium
data/raw/AID/Stadium/stadium_189.jpg,Stadium
data/raw/AID/Stadium/stadium_162.jpg,Stadium
data/raw/AID/Stadium/stadium_176.jpg,Stadium
data/raw/AID/Stadium/stadium_228.jpg,Stadium
data/raw/AID/Stadium/stadium_18.jpg,Stadium
data/raw/AID/Stadium/stadium_214.jpg,Stadium
data/raw/AID/Stadium/stadium_24.jpg,Stadium
data/raw/AID/Stadium/stadium_30.jpg,Stadium
data/raw/AID/Stadium/stadium_200.jpg,Stadium
data/raw/AID/Stadium/stadium_26.jpg,Stadium
data/raw/AID/Stadium/stadium_216.jpg,Stadium
data/raw/AID/Stadium/stadium_202.jpg,Stadium
data/raw/AID/Stadium/stadium_32.jpg,Stadium
data/raw/AID/Stadium/stadium_160.jpg,Stadium
data/raw/AID/Stadium/stadium_174.jpg,Stadium
data/raw/AID/Stadium/stadium_148.jpg,Stadium
data/raw/AID/Stadium/stadium_149.jpg,Stadium
data/raw/AID/Stadium/stadium_175.jpg,Stadium
data/raw/AID/Stadium/stadium_161.jpg,Stadium
data/raw/AID/Stadium/stadium_203.jpg,Stadium
data/raw/AID/Stadium/stadium_33.jpg,Stadium
data/raw/AID/Stadium/stadium_27.jpg,Stadium
data/raw/AID/Stadium/stadium_217.jpg,Stadium
data/raw/AID/Stadium/stadium_213.jpg,Stadium
data/raw/AID/Stadium/stadium_23.jpg,Stadium
data/raw/AID/Stadium/stadium_37.jpg,Stadium
data/raw/AID/Stadium/stadium_207.jpg,Stadium
data/raw/AID/Stadium/stadium_159.jpg,Stadium
data/raw/AID/Stadium/stadium_165.jpg,Stadium
data/raw/AID/Stadium/stadium_171.jpg,Stadium
data/raw/AID/Stadium/stadium_170.jpg,Stadium
data/raw/AID/Stadium/stadium_164.jpg,Stadium
data/raw/AID/Stadium/stadium_158.jpg,Stadium
data/raw/AID/Stadium/stadium_36.jpg,Stadium
data/raw/AID/Stadium/stadium_206.jpg,Stadium
data/raw/AID/Stadium/stadium_212.jpg,Stadium
data/raw/AID/Stadium/stadium_22.jpg,Stadium
data/raw/AID/Stadium/stadium_238.jpg,Stadium
data/raw/AID/Stadium/stadium_204.jpg,Stadium
data/raw/AID/Stadium/stadium_34.jpg,Stadium
data/raw/AID/Stadium/stadium_20.jpg,Stadium
data/raw/AID/Stadium/stadium_210.jpg,Stadium
data/raw/AID/Stadium/stadium_172.jpg,Stadium
data/raw/AID/Stadium/stadium_166.jpg,Stadium
data/raw/AID/Stadium/stadium_199.jpg,Stadium
data/raw/AID/Stadium/stadium_198.jpg,Stadium
data/raw/AID/Stadium/stadium_167.jpg,Stadium
data/raw/AID/Stadium/stadium_173.jpg,Stadium
data/raw/AID/Stadium/stadium_21.jpg,Stadium
data/raw/AID/Stadium/stadium_211.jpg,Stadium
data/raw/AID/Stadium/stadium_205.jpg,Stadium
data/raw/AID/Stadium/stadium_35.jpg,Stadium
data/raw/AID/Stadium/stadium_239.jpg,Stadium
data/raw/AID/Stadium/stadium_262.jpg,Stadium
data/raw/AID/Stadium/stadium_52.jpg,Stadium
data/raw/AID/Stadium/stadium_46.jpg,Stadium
data/raw/AID/Stadium/stadium_276.jpg,Stadium
data/raw/AID/Stadium/stadium_91.jpg,Stadium
data/raw/AID/Stadium/stadium_85.jpg,Stadium
data/raw/AID/Stadium/stadium_289.jpg,Stadium
data/raw/AID/Stadium/stadium_9.jpg,Stadium
data/raw/AID/Stadium/stadium_114.jpg,Stadium
data/raw/AID/Stadium/stadium_100.jpg,Stadium
data/raw/AID/Stadium/stadium_128.jpg,Stadium
data/raw/AID/Stadium/stadium_129.jpg,Stadium
data/raw/AID/Stadium/stadium_101.jpg,Stadium
data/raw/AID/Stadium/stadium_115.jpg,Stadium
data/raw/AID/Stadium/stadium_8.jpg,Stadium
data/raw/AID/Stadium/stadium_288.jpg,Stadium
data/raw/AID/Stadium/stadium_84.jpg,Stadium
data/raw/AID/Stadium/stadium_90.jpg,Stadium
data/raw/AID/Stadium/stadium_47.jpg,Stadium
data/raw/AID/Stadium/stadium_277.jpg,Stadium
data/raw/AID/Stadium/stadium_263.jpg,Stadium
data/raw/AID/Stadium/stadium_53.jpg,Stadium
data/raw/AID/Stadium/stadium_275.jpg,Stadium
data/raw/AID/Stadium/stadium_45.jpg,Stadium
data/raw/AID/Stadium/stadium_51.jpg,Stadium
data/raw/AID/Stadium/stadium_261.jpg,Stadium
data/raw/AID/Stadium/stadium_249.jpg,Stadium
data/raw/AID/Stadium/stadium_79.jpg,Stadium
data/raw/AID/Stadium/stadium_86.jpg,Stadium
data/raw/AID/Stadium/stadium_92.jpg,Stadium
data/raw/AID/Stadium/stadium_103.jpg,Stadium
data/raw/AID/Stadium/stadium_117.jpg,Stadium
data/raw/AID/Stadium/stadium_116.jpg,Stadium
data/raw/AID/Stadium/stadium_102.jpg,Stadium
data/raw/AID/Stadium/stadium_93.jpg,Stadium
data/raw/AID/Stadium/stadium_87.jpg,Stadium
data/raw/AID/Stadium/stadium_248.jpg,Stadium
data/raw/AID/Stadium/stadium_78.jpg,Stadium
data/raw/AID/Stadium/stadium_50.jpg,Stadium
data/raw/AID/Stadium/stadium_260.jpg,Stadium
data/raw/AID/Stadium/stadium_274.jpg,Stadium
data/raw/AID/Stadium/stadium_44.jpg,Stadium
data/raw/AID/Stadium/stadium_258.jpg,Stadium
data/raw/AID/Stadium/stadium_68.jpg,Stadium
data/raw/AID/Stadium/stadium_40.jpg,Stadium
data/raw/AID/Stadium/stadium_270.jpg,Stadium
data/raw/AID/Stadium/stadium_264.jpg,Stadium
data/raw/AID/Stadium/stadium_54.jpg,Stadium
data/raw/AID/Stadium/stadium_83.jpg,Stadium
data/raw/AID/Stadium/stadium_97.jpg,Stadium
data/raw/AID/Stadium/stadium_106.jpg,Stadium
data/raw/AID/Stadium/stadium_112.jpg,Stadium
data/raw/AID/Stadium/stadium_113.jpg,Stadium
data/raw/AID/Stadium/stadium_107.jpg,Stadium
data/raw/AID/Stadium/stadium_96.jpg,Stadium
data/raw/AID/Stadium/stadium_82.jpg,Stadium
data/raw/AID/Stadium/stadium_265.jpg,Stadium
data/raw/AID/Stadium/stadium_55.jpg,Stadium
data/raw/AID/Stadium/stadium_41.jpg,Stadium
data/raw/AID/Stadium/stadium_271.jpg,Stadium
data/raw/AID/Stadium/stadium_259.jpg,Stadium
data/raw/AID/Stadium/stadium_69.jpg,Stadium
data/raw/AID/Stadium/stadium_57.jpg,Stadium
data/raw/AID/Stadium/stadium_267.jpg,Stadium
data/raw/AID/Stadium/stadium_273.jpg,Stadium
data/raw/AID/Stadium/stadium_43.jpg,Stadium
data/raw/AID/Stadium/stadium_94.jpg,Stadium
data/raw/AID/Stadium/stadium_80.jpg,Stadium
data/raw/AID/Stadium/stadium_139.jpg,Stadium
data/raw/AID/Stadium/stadium_111.jpg,Stadium
data/raw/AID/Stadium/stadium_105.jpg,Stadium
data/raw/AID/Stadium/stadium_104.jpg,Stadium
data/raw/AID/Stadium/stadium_110.jpg,Stadium
data/raw/AID/Stadium/stadium_138.jpg,Stadium
data/raw/AID/Stadium/stadium_81.jpg,Stadium
data/raw/AID/Stadium/stadium_95.jpg,Stadium
data/raw/AID/Stadium/stadium_272.jpg,Stadium
data/raw/AID/Stadium/stadium_42.jpg,Stadium
data/raw/AID/Stadium/stadium_56.jpg,Stadium
data/raw/AID/Stadium/stadium_266.jpg,Stadium
data/raw/AID/Farmland/farmland_184.jpg,Farmland
data/raw/AID/Farmland/farmland_190.jpg,Farmland
data/raw/AID/Farmland/farmland_147.jpg,Farmland
data/raw/AID/Farmland/farmland_153.jpg,Farmland
data/raw/AID/Farmland/farmland_345.jpg,Farmland
data/raw/AID/Farmland/farmland_351.jpg,Farmland
data/raw/AID/Farmland/farmland_40.jpg,Farmland
data/raw/AID/Farmland/farmland_54.jpg,Farmland
data/raw/AID/Farmland/farmland_68.jpg,Farmland
data/raw/AID/Farmland/farmland_83.jpg,Farmland
data/raw/AID/Farmland/farmland_97.jpg,Farmland
data/raw/AID/Farmland/farmland_219.jpg,Farmland
data/raw/AID/Farmland/farmland_231.jpg,Farmland
data/raw/AID/Farmland/farmland_225.jpg,Farmland
data/raw/AID/Farmland/farmland_224.jpg,Farmland
data/raw/AID/Farmland/farmland_230.jpg,Farmland
data/raw/AID/Farmland/farmland_218.jpg,Farmland
data/raw/AID/Farmland/farmland_96.jpg,Farmland
data/raw/AID/Farmland/farmland_82.jpg,Farmland
data/raw/AID/Farmland/farmland_69.jpg,Farmland
data/raw/AID/Farmland/farmland_55.jpg,Farmland
data/raw/AID/Farmland/farmland_41.jpg,Farmland
data/raw/AID/Farmland/farmland_350.jpg,Farmland
data/raw/AID/Farmland/farmland_344.jpg,Farmland
data/raw/AID/Farmland/farmland_152.jpg,Farmland
data/raw/AID/Farmland/farmland_146.jpg,Farmland
data/raw/AID/Farmland/farmland_191.jpg,Farmland
data/raw/AID/Farmland/farmland_185.jpg,Farmland
data/raw/AID/Farmland/farmland_193.jpg,Farmland
data/raw/AID/Farmland/farmland_187.jpg,Farmland
data/raw/AID/Farmland/farmland_178.jpg,Farmland
data/raw/AID/Farmland/farmland_150.jpg,Farmland
data/raw/AID/Farmland/farmland_144.jpg,Farmland
data/raw/AID/Farmland/farmland_352.jpg,Farmland
data/raw/AID/Farmland/farmland_346.jpg,Farmland
data/raw/AID/Farmland/farmland_57.jpg,Farmland
data/raw/AID/Farmland/farmland_43.jpg,Farmland
data/raw/AID/Farmland/farmland_94.jpg,Farmland
data/raw/AID/Farmland/farmland_80.jpg,Farmland
data/raw/AID/Farmland/farmland_226.jpg,Farmland
data/raw/AID/Farmland/farmland_232.jpg,Farmland
data/raw/AID/Farmland/farmland_233.jpg,Farmland
data/raw/AID/Farmland/farmland_227.jpg,Farmland
data/raw/AID/Farmland/farmland_81.jpg,Farmland
data/raw/AID/Farmland/farmland_95.jpg,Farmland
data/raw/AID/Farmland/farmland_42.jpg,Farmland
data/raw/AID/Farmland/farmland_56.jpg,Farmland
data/raw/AID/Farmland/farmland_347.jpg,Farmland
data/raw/AID/Farmland/farmland_353.jpg,Farmland
data/raw/AID/Farmland/farmland_145.jpg,Farmland
data/raw/AID/Farmland/farmland_151.jpg,Farmland
data/raw/AID/Farmland/farmland_179.jpg,Farmland
data/raw/AID/Farmland/farmland_186.jpg,Farmland
data/raw/AID/Farmland/farmland_192.jpg,Farmland
data/raw/AID/Farmland/farmland_196.jpg,Farmland
data/raw/AID/Farmland/farmland_182.jpg,Farmland
data/raw/AID/Farmland/farmland_155.jpg,Farmland
data/raw/AID/Farmland/farmland_141.jpg,Farmland
data/raw/AID/Farmland/farmland_169.jpg,Farmland
data/raw/AID/Farmland/farmland_357.jpg,Farmland
data/raw/AID/Farmland/farmland_343.jpg,Farmland
data/raw/AID/Farmland/farmland_52.jpg,Farmland
data/raw/AID/Farmland/farmland_46.jpg,Farmland
data/raw/AID/Farmland/farmland_223.jpg,Farmland
data/raw/AID/Farmland/farmland_237.jpg,Farmland
data/raw/AID/Farmland/farmland_91.jpg,Farmland
data/raw/AID/Farmland/farmland_85.jpg,Farmland
data/raw/AID/Farmland/farmland_84.jpg,Farmland
data/raw/AID/Farmland/farmland_90.jpg,Farmland
data/raw/AID/Farmland/farmland_236.jpg,Farmland
data/raw/AID/Farmland/farmland_222.jpg,Farmland
data/raw/AID/Farmland/farmland_47.jpg,Farmland
data/raw/AID/Farmland/farmland_53.jpg,Farmland
data/raw/AID/Farmland/farmland_342.jpg,Farmland
data/raw/AID/Farmland/farmland_356.jpg,Farmland
data/raw/AID/Farmland/farmland_168.jpg,Farmland
data/raw/AID/Farmland/farmland_140.jpg,Farmland
data/raw/AID/Farmland/farmland_154.jpg,Farmland
data/raw/AID/Farmland/farmland_183.jpg,Farmland
data/raw/AID/Farmland/farmland_197.jpg,Farmland
data/raw/AID/Farmland/farmland_181.jpg,Farmland
data/raw/AID/Farmland/farmland_195.jpg,Farmland
data/raw/AID/Farmland/farmland_142.jpg,Farmland
data/raw/AID/Farmland/farmland_156.jpg,Farmland
data/raw/AID/Farmland/farmland_340.jpg,Farmland
data/raw/AID/Farmland/farmland_354.jpg,Farmland
data/raw/AID/Farmland/farmland_368.jpg,Farmland
data/raw/AID/Farmland/farmland_79.jpg,Farmland
data/raw/AID/Farmland/farmland_45.jpg,Farmland
data/raw/AID/Farmland/farmland_51.jpg,Farmland
data/raw/AID/Farmland/farmland_234.jpg,Farmland
data/raw/AID/Farmland/farmland_220.jpg,Farmland
data/raw/AID/Farmland/farmland_86.jpg,Farmland
data/raw/AID/Farmland/farmland_208.jpg,Farmland
data/raw/AID/Farmland/farmland_92.jpg,Farmland
data/raw/AID/Farmland/farmland_93.jpg,Farmland
data/raw/AID/Farmland/farmland_209.jpg,Farmland
data/raw/AID/Farmland/farmland_87.jpg,Farmland
data/raw/AID/Farmland/farmland_221.jpg,Farmland
data/raw/AID/Farmland/farmland_235.jpg,Farmland
data/raw/AID/Farmland/farmland_50.jpg,Farmland
data/raw/AID/Farmland/farmland_44.jpg,Farmland
data/raw/AID/Farmland/farmland_78.jpg,Farmland
data/raw/AID/Farmland/farmland_369.jpg,Farmland
data/raw/AID/Farmland/farmland_355.jpg,Farmland
data/raw/AID/Farmland/farmland_341.jpg,Farmland
data/raw/AID/Farmland/farmland_157.jpg,Farmland
data/raw/AID/Farmland/farmland_143.jpg,Farmland
data/raw/AID/Farmland/farmland_194.jpg,Farmland
data/raw/AID/Farmland/farmland_180.jpg,Farmland
data/raw/AID/Farmland/farmland_118.jpg,Farmland
data/raw/AID/Farmland/farmland_124.jpg,Farmland
data/raw/AID/Farmland/farmland_3.jpg,Farmland
data/raw/AID/Farmland/farmland_130.jpg,Farmland
data/raw/AID/Farmland/farmland_326.jpg,Farmland
data/raw/AID/Farmland/farmland_332.jpg,Farmland
data/raw/AID/Farmland/farmland_23.jpg,Farmland
data/raw/AID/Farmland/farmland_37.jpg,Farmland
data/raw/AID/Farmland/farmland_291.jpg,Farmland
data/raw/AID/Farmland/farmland_285.jpg,Farmland
data/raw/AID/Farmland/farmland_252.jpg,Farmland
data/raw/AID/Farmland/farmland_246.jpg,Farmland
data/raw/AID/Farmland/farmland_247.jpg,Farmland
data/raw/AID/Farmland/farmland_253.jpg,Farmland
data/raw/AID/Farmland/farmland_284.jpg,Farmland
data/raw/AID/Farmland/farmland_290.jpg,Farmland
data/raw/AID/Farmland/farmland_36.jpg,Farmland
data/raw/AID/Farmland/farmland_22.jpg,Farmland
data/raw/AID/Farmland/farmland_333.jpg,Farmland
data/raw/AID/Farmland/farmland_327.jpg,Farmland
data/raw/AID/Farmland/farmland_131.jpg,Farmland
data/raw/AID/Farmland/farmland_125.jpg,Farmland
data/raw/AID/Farmland/farmland_2.jpg,Farmland
data/raw/AID/Farmland/farmland_119.jpg,Farmland
data/raw/AID/Farmland/farmland_133.jpg,Farmland
data/raw/AID/Farmland/farmland_127.jpg,Farmland
data/raw/AID/Farmland/farmland_319.jpg,Farmland
data/raw/AID/Farmland/farmland_331.jpg,Farmland
data/raw/AID/Farmland/farmland_325.jpg,Farmland
data/raw/AID/Farmland/farmland_34.jpg,Farmland
data/raw/AID/Farmland/farmland_20.jpg,Farmland
data/raw/AID/Farmland/farmland_286.jpg,Farmland
data/raw/AID/Farmland/farmland_292.jpg,Farmland
data/raw/AID/Farmland/farmland_279.jpg,Farmland
data/raw/AID/Farmland/farmland_245.jpg,Farmland
data/raw/AID/Farmland/farmland_251.jpg,Farmland
data/raw/AID/Farmland/farmland_250.jpg,Farmland
data/raw/AID/Farmland/farmland_244.jpg,Farmland
data/raw/AID/Farmland/farmland_278.jpg,Farmland
data/raw/AID/Farmland/farmland_293.jpg,Farmland
data/raw/AID/Farmland/farmland_287.jpg,Farmland
data/raw/AID/Farmland/farmland_21.jpg,Farmland
data/raw/AID/Farmland/farmland_35.jpg,Farmland
data/raw/AID/Farmland/farmland_324.jpg,Farmland
data/raw/AID/Farmland/farmland_330.jpg,Farmland
data/raw/AID/Farmland/farmland_318.jpg,Farmland
data/raw/AID/Farmland/farmland_1.jpg,Farmland
data/raw/AID/Farmland/farmland_126.jpg,Farmland
data/raw/AID/Farmland/farmland_132.jpg,Farmland
data/raw/AID/Farmland/farmland_136.jpg,Farmland
data/raw/AID/Farmland/farmland_122.jpg,Farmland
data/raw/AID/Farmland/farmland_5.jpg,Farmland
data/raw/AID/Farmland/farmland_334.jpg,Farmland
data/raw/AID/Farmland/farmland_320.jpg,Farmland
data/raw/AID/Farmland/farmland_308.jpg,Farmland
data/raw/AID/Farmland/farmland_283.jpg,Farmland
data/raw/AID/Farmland/farmland_297.jpg,Farmland
data/raw/AID/Farmland/farmland_19.jpg,Farmland
data/raw/AID/Farmland/farmland_31.jpg,Farmland
data/raw/AID/Farmland/farmland_25.jpg,Farmland
data/raw/AID/Farmland/farmland_240.jpg,Farmland
data/raw/AID/Farmland/farmland_254.jpg,Farmland
data/raw/AID/Farmland/farmland_268.jpg,Farmland
data/raw/AID/Farmland/farmland_269.jpg,Farmland
data/raw/AID/Farmland/farmland_255.jpg,Farmland
data/raw/AID/Farmland/farmland_241.jpg,Farmland
data/raw/AID/Farmland/farmland_24.jpg,Farmland
data/raw/AID/Farmland/farmland_30.jpg,Farmland
data/raw/AID/Farmland/farmland_18.jpg,Farmland
data/raw/AID/Farmland/farmland_296.jpg,Farmland
data/raw/AID/Farmland/farmland_282.jpg,Farmland
data/raw/AID/Farmland/farmland_309.jpg,Farmland
data/raw/AID/Farmland/farmland_321.jpg,Farmland
data/raw/AID/Farmland/farmland_335.jpg,Farmland
data/raw/AID/Farmland/farmland_123.jpg,Farmland
data/raw/AID/Farmland/farmland_4.jpg,Farmland
data/raw/AID/Farmland/farmland_137.jpg,Farmland
data/raw/AID/Farmland/farmland_6.jpg,Farmland
data/raw/AID/Farmland/farmland_121.jpg,Farmland
data/raw/AID/Farmland/farmland_135.jpg,Farmland
data/raw/AID/Farmland/farmland_109.jpg,Farmland
data/raw/AID/Farmland/farmland_323.jpg,Farmland
data/raw/AID/Farmland/farmland_337.jpg,Farmland
data/raw/AID/Farmland/farmland_294.jpg,Farmland
data/raw/AID/Farmland/farmland_280.jpg,Farmland
data/raw/AID/Farmland/farmland_26.jpg,Farmland
data/raw/AID/Farmland/farmland_32.jpg,Farmland
data/raw/AID/Farmland/farmland_257.jpg,Farmland
data/raw/AID/Farmland/farmland_243.jpg,Farmland
data/raw/AID/Farmland/farmland_242.jpg,Farmland
data/raw/AID/Farmland/farmland_256.jpg,Farmland
data/raw/AID/Farmland/farmland_33.jpg,Farmland
data/raw/AID/Farmland/farmland_27.jpg,Farmland
data/raw/AID/Farmland/farmland_281.jpg,Farmland
data/raw/AID/Farmland/farmland_295.jpg,Farmland
data/raw/AID/Farmland/farmland_336.jpg,Farmland
data/raw/AID/Farmland/farmland_322.jpg,Farmland
data/raw/AID/Farmland/farmland_108.jpg,Farmland
data/raw/AID/Farmland/farmland_134.jpg,Farmland
data/raw/AID/Farmland/farmland_7.jpg,Farmland
data/raw/AID/Farmland/farmland_120.jpg,Farmland
data/raw/AID/Farmland/farmland_139.jpg,Farmland
data/raw/AID/Farmland/farmland_105.jpg,Farmland
data/raw/AID/Farmland/farmland_111.jpg,Farmland
data/raw/AID/Farmland/farmland_307.jpg,Farmland
data/raw/AID/Farmland/farmland_313.jpg,Farmland
data/raw/AID/Farmland/farmland_298.jpg,Farmland
data/raw/AID/Farmland/farmland_16.jpg,Farmland
data/raw/AID/Farmland/farmland_273.jpg,Farmland
data/raw/AID/Farmland/farmland_267.jpg,Farmland
data/raw/AID/Farmland/farmland_266.jpg,Farmland
data/raw/AID/Farmland/farmland_272.jpg,Farmland
data/raw/AID/Farmland/farmland_17.jpg,Farmland
data/raw/AID/Farmland/farmland_299.jpg,Farmland
data/raw/AID/Farmland/farmland_312.jpg,Farmland
data/raw/AID/Farmland/farmland_306.jpg,Farmland
data/raw/AID/Farmland/farmland_110.jpg,Farmland
data/raw/AID/Farmland/farmland_104.jpg,Farmland
data/raw/AID/Farmland/farmland_138.jpg,Farmland
data/raw/AID/Farmland/farmland_9.jpg,Farmland
data/raw/AID/Farmland/farmland_112.jpg,Farmland
data/raw/AID/Farmland/farmland_106.jpg,Farmland
data/raw/AID/Farmland/farmland_338.jpg,Farmland
data/raw/AID/Farmland/farmland_310.jpg,Farmland
data/raw/AID/Farmland/farmland_304.jpg,Farmland
data/raw/AID/Farmland/farmland_15.jpg,Farmland
data/raw/AID/Farmland/farmland_29.jpg,Farmland
data/raw/AID/Farmland/farmland_258.jpg,Farmland
data/raw/AID/Farmland/farmland_264.jpg,Farmland
data/raw/AID/Farmland/farmland_270.jpg,Farmland
data/raw/AID/Farmland/farmland_271.jpg,Farmland
data/raw/AID/Farmland/farmland_265.jpg,Farmland
data/raw/AID/Farmland/farmland_259.jpg,Farmland
data/raw/AID/Farmland/farmland_28.jpg,Farmland
data/raw/AID/Farmland/farmland_14.jpg,Farmland
data/raw/AID/Farmland/farmland_305.jpg,Farmland
data/raw/AID/Farmland/farmland_311.jpg,Farmland
data/raw/AID/Farmland/farmland_339.jpg,Farmland
data/raw/AID/Farmland/farmland_107.jpg,Farmland
data/raw/AID/Farmland/farmland_113.jpg,Farmland
data/raw/AID/Farmland/farmland_8.jpg,Farmland
data/raw/AID/Farmland/farmland_117.jpg,Farmland
data/raw/AID/Farmland/farmland_103.jpg,Farmland
data/raw/AID/Farmland/farmland_315.jpg,Farmland
data/raw/AID/Farmland/farmland_301.jpg,Farmland
data/raw/AID/Farmland/farmland_329.jpg,Farmland
data/raw/AID/Farmland/farmland_38.jpg,Farmland
data/raw/AID/Farmland/farmland_10.jpg,Farmland
data/raw/AID/Farmland/farmland_261.jpg,Farmland
data/raw/AID/Farmland/farmland_275.jpg,Farmland
data/raw/AID/Farmland/farmland_249.jpg,Farmland
data/raw/AID/Farmland/farmland_248.jpg,Farmland
data/raw/AID/Farmland/farmland_274.jpg,Farmland
data/raw/AID/Farmland/farmland_260.jpg,Farmland
data/raw/AID/Farmland/farmland_11.jpg,Farmland
data/raw/AID/Farmland/farmland_39.jpg,Farmland
data/raw/AID/Farmland/farmland_328.jpg,Farmland
data/raw/AID/Farmland/farmland_300.jpg,Farmland
data/raw/AID/Farmland/farmland_314.jpg,Farmland
data/raw/AID/Farmland/farmland_102.jpg,Farmland
data/raw/AID/Farmland/farmland_116.jpg,Farmland
data/raw/AID/Farmland/farmland_100.jpg,Farmland
data/raw/AID/Farmland/farmland_114.jpg,Farmland
data/raw/AID/Farmland/farmland_128.jpg,Farmland
data/raw/AID/Farmland/farmland_302.jpg,Farmland
data/raw/AID/Farmland/farmland_316.jpg,Farmland
data/raw/AID/Farmland/farmland_289.jpg,Farmland
data/raw/AID/Farmland/farmland_13.jpg,Farmland
data/raw/AID/Farmland/farmland_276.jpg,Farmland
data/raw/AID/Farmland/farmland_262.jpg,Farmland
data/raw/AID/Farmland/farmland_263.jpg,Farmland
data/raw/AID/Farmland/farmland_277.jpg,Farmland
data/raw/AID/Farmland/farmland_12.jpg,Farmland
data/raw/AID/Farmland/farmland_288.jpg,Farmland
data/raw/AID/Farmland/farmland_317.jpg,Farmland
data/raw/AID/Farmland/farmland_303.jpg,Farmland
data/raw/AID/Farmland/farmland_129.jpg,Farmland
data/raw/AID/Farmland/farmland_115.jpg,Farmland
data/raw/AID/Farmland/farmland_101.jpg,Farmland
data/raw/AID/Farmland/farmland_199.jpg,Farmland
data/raw/AID/Farmland/farmland_166.jpg,Farmland
data/raw/AID/Farmland/farmland_172.jpg,Farmland
data/raw/AID/Farmland/farmland_358.jpg,Farmland
data/raw/AID/Farmland/farmland_364.jpg,Farmland
data/raw/AID/Farmland/farmland_370.jpg,Farmland
data/raw/AID/Farmland/farmland_61.jpg,Farmland
data/raw/AID/Farmland/farmland_75.jpg,Farmland
data/raw/AID/Farmland/farmland_49.jpg,Farmland
data/raw/AID/Farmland/farmland_238.jpg,Farmland
data/raw/AID/Farmland/farmland_210.jpg,Farmland
data/raw/AID/Farmland/farmland_204.jpg,Farmland
data/raw/AID/Farmland/farmland_205.jpg,Farmland
data/raw/AID/Farmland/farmland_211.jpg,Farmland
data/raw/AID/Farmland/farmland_239.jpg,Farmland
data/raw/AID/Farmland/farmland_48.jpg,Farmland
data/raw/AID/Farmland/farmland_74.jpg,Farmland
data/raw/AID/Farmland/farmland_60.jpg,Farmland
data/raw/AID/Farmland/farmland_365.jpg,Farmland
data/raw/AID/Farmland/farmland_359.jpg,Farmland
data/raw/AID/Farmland/farmland_173.jpg,Farmland
data/raw/AID/Farmland/farmland_167.jpg,Farmland
data/raw/AID/Farmland/farmland_198.jpg,Farmland
data/raw/AID/Farmland/farmland_159.jpg,Farmland
data/raw/AID/Farmland/farmland_171.jpg,Farmland
data/raw/AID/Farmland/farmland_165.jpg,Farmland
data/raw/AID/Farmland/farmland_367.jpg,Farmland
data/raw/AID/Farmland/farmland_76.jpg,Farmland
data/raw/AID/Farmland/farmland_62.jpg,Farmland
data/raw/AID/Farmland/farmland_89.jpg,Farmland
data/raw/AID/Farmland/farmland_207.jpg,Farmland
data/raw/AID/Farmland/farmland_213.jpg,Farmland
data/raw/AID/Farmland/farmland_212.jpg,Farmland
data/raw/AID/Farmland/farmland_206.jpg,Farmland
data/raw/AID/Farmland/farmland_88.jpg,Farmland
data/raw/AID/Farmland/farmland_63.jpg,Farmland
data/raw/AID/Farmland/farmland_77.jpg,Farmland
data/raw/AID/Farmland/farmland_366.jpg,Farmland
data/raw/AID/Farmland/farmland_164.jpg,Farmland
data/raw/AID/Farmland/farmland_170.jpg,Farmland
data/raw/AID/Farmland/farmland_158.jpg,Farmland
data/raw/AID/Farmland/farmland_174.jpg,Farmland
data/raw/AID/Farmland/farmland_160.jpg,Farmland
data/raw/AID/Farmland/farmland_148.jpg,Farmland
data/raw/AID/Farmland/farmland_362.jpg,Farmland
data/raw/AID/Farmland/farmland_73.jpg,Farmland
data/raw/AID/Farmland/farmland_67.jpg,Farmland
data/raw/AID/Farmland/farmland_202.jpg,Farmland
data/raw/AID/Farmland/farmland_98.jpg,Farmland
data/raw/AID/Farmland/farmland_216.jpg,Farmland
data/raw/AID/Farmland/farmland_217.jpg,Farmland
data/raw/AID/Farmland/farmland_99.jpg,Farmland
data/raw/AID/Farmland/farmland_203.jpg,Farmland
data/raw/AID/Farmland/farmland_66.jpg,Farmland
data/raw/AID/Farmland/farmland_72.jpg,Farmland
data/raw/AID/Farmland/farmland_363.jpg,Farmland
data/raw/AID/Farmland/farmland_149.jpg,Farmland
data/raw/AID/Farmland/farmland_161.jpg,Farmland
data/raw/AID/Farmland/farmland_175.jpg,Farmland
data/raw/AID/Farmland/farmland_188.jpg,Farmland
data/raw/AID/Farmland/farmland_163.jpg,Farmland
data/raw/AID/Farmland/farmland_177.jpg,Farmland
data/raw/AID/Farmland/farmland_361.jpg,Farmland
data/raw/AID/Farmland/farmland_349.jpg,Farmland
data/raw/AID/Farmland/farmland_58.jpg,Farmland
data/raw/AID/Farmland/farmland_64.jpg,Farmland
data/raw/AID/Farmland/farmland_70.jpg,Farmland
data/raw/AID/Farmland/farmland_215.jpg,Farmland
data/raw/AID/Farmland/farmland_201.jpg,Farmland
data/raw/AID/Farmland/farmland_229.jpg,Farmland
data/raw/AID/Farmland/farmland_228.jpg,Farmland
data/raw/AID/Farmland/farmland_200.jpg,Farmland
data/raw/AID/Farmland/farmland_214.jpg,Farmland
data/raw/AID/Farmland/farmland_71.jpg,Farmland
data/raw/AID/Farmland/farmland_65.jpg,Farmland
data/raw/AID/Farmland/farmland_59.jpg,Farmland
data/raw/AID/Farmland/farmland_348.jpg,Farmland
data/raw/AID/Farmland/farmland_360.jpg,Farmland
data/raw/AID/Farmland/farmland_176.jpg,Farmland
data/raw/AID/Farmland/farmland_162.jpg,Farmland
data/raw/AID/Farmland/farmland_189.jpg,Farmland
